date,Spot,log_return,rv_30d,hv_30d_pct
2023-10-04,413.96136474609375,0.007255470058980862,0.23271550070987132,0.23199691800379238
2023-10-05,413.805419921875,-0.00037678444932076616,0.16645120011327014,0.16586903082247648
2023-10-06,418.7184753417969,0.011802934387630692,0.17556350547606184,0.17535187350169404
2023-10-09,421.3991394042969,0.006381661598519273,0.15626177731464147,0.15604043016513905
2023-10-10,423.5924377441406,0.005191302078905835,0.1410003365491411,0.14078025723318746
2023-10-11,425.3276672363281,0.004088092386256292,0.12894823957440782,0.1287375488693382
2023-10-12,422.73468017578125,-0.006115104977232555,0.12984023732957375,0.1296920061549694
2023-10-13,420.6290588378906,-0.004993398733237342,0.12672858275336796,0.12662374120456346
2023-10-16,425.0547180175781,0.010466559020983368,0.12842897651351345,0.12838508916077326
2023-10-17,425.03521728515625,-4.587922198773242e-05,0.12223994546867309,0.12221075842484705
2023-10-18,419.3715515136719,-0.013414744917817245,0.13589499339990987,0.1357277368265682
2023-10-19,415.686767578125,-0.008825270683920472,0.13651842148727733,0.13635900301634138
2023-10-20,410.57879638671875,-0.012364151396989875,0.14101491670358232,0.14080705429414964
2023-10-23,409.8671875,-0.001734688399087858,0.13591603170871838,0.1357189591187422
2023-10-24,412.9573974609375,0.007511259498778955,0.1356591818803654,0.13546845582697534
2023-10-25,407.0304870605469,-0.01445634437280674,0.1418582252647536,0.14158606377517505
2023-10-26,402.156494140625,-0.012046787647111756,0.14331491155509324,0.14302604619849058
2023-10-27,400.3335266113281,-0.0045432855683635864,0.1395961880635548,0.1393235483170169
2023-10-30,405.1199035644531,0.01188506526938049,0.1446444044153733,0.1444344262426566
2023-10-31,407.6641540527344,0.006260602123330017,0.14345166832565867,0.14323728083207757
2023-11-01,412.01177978515625,0.010608257055207737,0.145426783423999,0.14524109821848682
2023-11-02,419.9077453613281,0.018983092596027262,0.1560304402922402,0.1560591765810322
2023-11-03,423.7387390136719,0.009082050494181537,0.1552020570098342,0.15522679181263513
2023-11-06,424.7134704589844,0.002297670660183826,0.15201750793923605,0.1520372097953066
2023-11-07,425.9222412109375,0.0028420428368907125,0.14908483473493592,0.14909876424833077
2023-11-08,426.23419189453125,0.00073214420594514,0.14619019984589976,0.14620425341983045
2023-11-09,422.9101257324219,-0.007829253691640226,0.14580213240106826,0.1458214064380496
2023-11-10,429.509521484375,0.015484222189214414,0.14979742967122806,0.1498847398346027
2023-11-13,429.1001281738281,-0.0009536192418400091,0.14730735408385695,0.14739807251072193
2023-11-14,437.42498779296875,0.01921494392281531,0.14985877578327933,0.15013451511896464
2023-11-15,438.35107421875,0.002114894003462986,0.14905440862332098,0.14933704978820514
2023-11-16,438.8872375488281,0.0012223893773191108,0.14891336957618306,0.14919210748755932
2023-11-17,439.43310546875,0.0012429815489127805,0.14596493197087684,0.14623489595349676
2023-11-20,442.815673828125,0.007668097736697632,0.14637743816531795,0.14664820237115805
2023-11-21,441.85064697265625,-0.00218167509161038,0.14638826698470692,0.14667408191215248
2023-11-22,443.5564880371094,0.003853240182102091,0.14635246364296572,0.1466386846936939
2023-11-24,443.8294372558594,0.0006151759219479302,0.14463971410371287,0.14492099738603523
2023-11-27,443.0301208496094,-0.0018025776807126803,0.14366367757302567,0.1439435985546137
2023-11-28,443.4687805175781,0.0009896452281985546,0.14126098841648366,0.14153908615467062
2023-11-29,443.1568603515625,-0.0007036119067764801,0.14133288570623423,0.14161239770859205
2023-11-30,444.9017028808594,0.0039295714197020715,0.13430848595818604,0.13464840782050944
2023-12-01,447.53375244140625,0.0058985939573421575,0.13075721316196107,0.13110363355036386
2023-12-04,445.1844482421875,-0.0052632726000068075,0.12526568213957906,0.12568124591980018
2023-12-05,445.0967102050781,-0.00019710186284616071,0.12487159842390574,0.12528532852982627
2023-12-06,443.3030700683594,-0.004037917643882061,0.12552846179072305,0.1259533331286459
2023-12-07,446.6856384277344,0.007601410252827456,0.1157430411714787,0.11629512145318559
2023-12-08,448.6060485839844,0.004290027774036531,0.1064806922435494,0.10713239397172232
2023-12-11,450.35089111328125,0.0038819316997029674,0.10361305883529964,0.10426991783019994
2023-12-12,452.4077453613281,0.004556827759051529,0.10086075058015792,0.10150415213240653
2023-12-13,458.64654541015625,0.013695995144768602,0.10474136141799395,0.10541717293303818
2023-12-14,460.1184997558594,0.003204204628414864,0.10281841624237818,0.10349168015825162
2023-12-15,459.36090087890625,-0.0016478869409590757,0.09306130590504491,0.09358601859669204
2023-12-18,461.94482421875,0.005609278319885114,0.09162004916012573,0.09213974067469395
2023-12-19,464.7538757324219,0.006062510107066821,0.09206166071244895,0.09257714036055564
2023-12-20,458.31365966796875,-0.01395416980826969,0.10436528281334728,0.1047176003339777
2023-12-21,462.65936279296875,0.009437269653014724,0.1061592601892153,0.1065131079965222
2023-12-22,463.58917236328125,0.002007689831282633,0.10137471992570837,0.10175212285471222
2023-12-26,465.54669189453125,0.004213640873906854,0.09439551732065714,0.0946853662607876
2023-12-27,466.3883972167969,0.0018063608956664368,0.09380799024941558,0.09409436831727526
2023-12-28,466.5645751953125,0.00037767815917710834,0.07999616070882176,0.0800290833426925
2023-12-29,465.2138977050781,-0.0028991406767930883,0.08132404251044613,0.08136202250989805
2024-01-02,462.6104431152344,-0.005611970516641307,0.0842392005450173,0.08427429192172914
2024-01-03,458.8323974609375,-0.008200328135935742,0.08904669745696057,0.08906234773076033
2024-01-04,457.3544616699219,-0.003226278696876861,0.08801748605443455,0.0880294101053519
2024-01-05,457.98089599609375,0.0013687539080118327,0.08747514597301781,0.08748251284093236
2024-01-08,464.51898193359375,0.014174951277381886,0.0949927953668917,0.09510040079551339
2024-01-09,463.8143005371094,-0.0015181649632474148,0.09537358881662981,0.09548405974103208
2024-01-10,466.4373474121094,0.005639449997418389,0.09559456338767346,0.09569842797165458
2024-01-11,466.2318115234375,-0.00044074769714441686,0.09577874872703997,0.0958848920626104
2024-01-12,466.5547790527344,0.0006924789559921152,0.09556351639167647,0.09566751998917027
2024-01-16,464.8419494628906,-0.003677984833469594,0.09656989516383846,0.09668098021066225
2024-01-17,462.258056640625,-0.005574154882190818,0.09770708555329007,0.0978195929482666
2024-01-18,466.3688049316406,0.00885344870441429,0.09830882381614192,0.09843075111207568
2024-01-19,472.1825866699219,0.012388998944368623,0.10302037757696832,0.10318353802215079
2024-01-22,473.1810302734375,0.0021122961723056832,0.10143399927427728,0.10159228313460522
2024-01-23,474.56103515625,0.0029121971229431054,0.10015620284435431,0.1003118242648539
2024-01-24,475.07977294921875,0.0010924927406987806,0.09995439356091776,0.10011431006274321
2024-01-25,477.6636657714844,0.005424123751126331,0.10031788247223701,0.10047756983182593
2024-01-26,477.056884765625,-0.0012711176840554117,0.10043023025143878,0.1005977396620406
2024-01-29,480.8348693847656,0.007888165218236765,0.09573737779011142,0.09583820222855319
2024-01-30,480.4629821777344,-0.0007737190403140914,0.09584320327503766,0.09594983149649787
2024-01-31,472.6230773925781,-0.01645199096118688,0.10872860984306387,0.10865833783883194
2024-02-01,478.80889892578125,0.013003365135968004,0.11349034747441131,0.11348153619599471
2024-02-02,483.8495178222656,0.01047238537807349,0.11582938758064602,0.11584354154772329
2024-02-05,482.08770751953125,-0.003647881477633952,0.10755865487575687,0.1076710421830101
2024-02-06,483.4873046875,0.002898994134020505,0.10510539755501512,0.10520425908926241
2024-02-07,487.51983642578125,0.008305922275241073,0.10695536143860591,0.10705966321553036
2024-02-08,487.735107421875,0.0004414661026803657,0.10673672030699251,0.10684648705376147
2024-02-09,490.5539855957031,0.0057628895086310195,0.10743236124694873,0.10753948884809911
2024-02-12,490.3386535644531,-0.000439053217676566,0.1075446701389648,0.10765323168242762
2024-02-13,483.5851745605469,-0.013868820246288216,0.1159534545375405,0.11596631260492236
2024-02-14,487.9798278808594,0.009046606827468828,0.11615321760805761,0.11616785342325042
2024-02-15,491.34674072265625,0.006876002786404101,0.11307495128812402,0.11309352374939328
2024-02-16,488.8998718261719,-0.004992364058683307,0.11393514552625092,0.11395253893871672
2024-02-20,486.208251953125,-0.005520673335875692,0.11611302459374956,0.11613568282796938
2024-02-21,486.64874267578125,0.0009055611568600241,0.110236630794084,0.11018897841258499
2024-02-22,496.7201232910156,0.02048414002912846,0.12265738779697118,0.12285003630365082
2024-02-23,497.0627136230469,0.0006894672213624276,0.1223194937256831,0.12251976412425573
2024-02-26,495.2422180175781,-0.003669230273683155,0.12326101990555714,0.12346412171701683
2024-02-27,496.1622619628906,0.0018560420655981957,0.12319888657554048,0.123399528956346
2024-02-28,495.5064697265625,-0.0013226036295561627,0.12243388104859002,0.12263313414635618
2024-02-29,497.287841796875,0.0035886063434462656,0.12028528197813058,0.12047706193896195
2024-03-01,501.95648193359375,0.009344409564612022,0.12052112197529238,0.1207150592910253
2024-03-04,501.41815185546875,-0.0010730391453996901,0.11714346638642723,0.11731435003860775
2024-03-05,496.4069519042969,-0.010044329538873242,0.12223245862935771,0.12237907568692497
2024-03-06,498.92236328125,0.005054441165860624,0.12258988170877039,0.12273420659187145
2024-03-07,503.87481689453125,0.009877359002370412,0.12485419907199732,0.12500437983419177
2024-03-08,500.85052490234375,-0.006020154962362412,0.1264912591155789,0.12665120003071423
2024-03-11,500.4198913574219,-0.0008601743634510939,0.12641635395012707,0.12657558480237374
2024-03-12,505.8030090332031,0.0106997545586891,0.1278869229018652,0.12806025537194218
2024-03-13,505.0102233886719,-0.0015686098710609997,0.1280405121257782,0.12821518430708775
2024-03-14,504.011962890625,-0.0019786697206756187,0.1166101066514685,0.11695161640567224
2024-03-15,500.55108642578125,-0.006890339356584896,0.11475008663805565,0.1150508718015196
2024-03-18,503.5259094238281,0.00592550514467316,0.11238626817760662,0.11267002607905802
2024-03-19,506.3240966796875,0.005541802050477607,0.11200554820849185,0.11227973353029806
2024-03-20,511.0072326660156,0.009206772526434648,0.11409655751383382,0.11437696543725978
2024-03-21,512.696044921875,0.003299420495941341,0.11254525404077334,0.11282286171847095
2024-03-22,511.7239074707031,-0.0018979281704059048,0.11297210179018266,0.11325280872711316
2024-03-25,510.3101806640625,-0.002766498152493746,0.11294590470137345,0.11323671274986964
2024-03-26,509.36761474609375,-0.00184875298977083,0.11320985476461784,0.11350232827393009
2024-03-27,513.6482543945312,0.008368715990754616,0.10545108533017175,0.10586152445253993
2024-03-28,513.550048828125,-0.000191210531398589,0.10347521072089128,0.10388634344384581
2024-04-01,512.6566772460938,-0.001741114699442825,0.10274273432173486,0.10316150830915867
2024-04-02,509.39715576171875,-0.00637839696882736,0.1035690790410687,0.10398046206021092
2024-04-03,509.9566955566406,0.001097832416871114,0.10149890028900854,0.10191567789020323
2024-04-04,503.73211669921875,-0.012281199158207023,0.10917637093857586,0.10950607945741286
2024-04-05,508.9945068359375,0.010392612139642488,0.09687127523774351,0.09693700369146131
2024-04-08,509.2792053222656,0.0005591787165810658,0.09687346293866964,0.09693940331346593
2024-04-09,509.8682556152344,0.0011559668863245776,0.09593995217697388,0.09600136644573509
2024-04-10,504.76300048828125,-0.010063356871294005,0.10106617956329257,0.10109676961367677
2024-04-11,508.5723571777344,0.007518487547321762,0.10285774074195732,0.10288910626850442
2024-04-12,501.5525207519531,-0.013899171459963888,0.11100283906018228,0.11095198343924889
2024-04-15,495.26898193359375,-0.012607316413219216,0.11363561958751586,0.11351934254930496
2024-04-16,494.3656921386719,-0.001825502014905389,0.11369255016385997,0.11357761386923775
2024-04-17,491.4399108886719,-0.0059358352836014205,0.11128479752321267,0.11118981289642006
2024-04-18,490.4287109375,-0.0020597466630460914,0.11019559474014856,0.11010711204315352
2024-04-19,486.1481018066406,-0.008766615160139324,0.10806008076304718,0.10793803229063542
2024-04-22,490.62506103515625,0.009166899234035242,0.11108801345512602,0.1109819296915236
2024-04-23,496.4471435546875,0.011796806781324776,0.11682574597644442,0.116765164310548
2024-04-24,496.2115478515625,-0.0004746761592651083,0.11210537205439086,0.11201441230636502
2024-04-25,494.326416015625,-0.0038062834149776847,0.11245380861095035,0.11236567547755491
2024-04-26,499.0096740722656,0.009429422335349713,0.11613822314412009,0.11606480087754015
2024-04-29,500.7768859863281,0.0035351820581341897,0.11494732845170266,0.11486676154071929
2024-04-30,492.843994140625,-0.015967982481137177,0.12243495931201705,0.12225334613863593
2024-05-01,491.24359130859375,-0.0032525646428362975,0.12117644644683088,0.12100316707584653
2024-05-02,495.83843994140625,0.009310030324008345,0.12125242867891513,0.12108007285045962
2024-05-03,501.9845275878906,0.012319149938537777,0.12672883950893113,0.12661286224027232
2024-05-06,507.1683654785156,0.010273732597220864,0.13058350652213813,0.13048326787785672
2024-05-07,507.72802734375,0.0011028946913640425,0.13042938157477008,0.13032130041771847
2024-05-08,507.777099609375,9.664602247827503e-05,0.13033351550828384,0.13022132238834125
2024-05-09,510.70281982421875,0.0057452841372036545,0.12906713708327192,0.1289459660677392
2024-05-10,511.3607177734375,0.0012873916657483164,0.12913830935242143,0.12901410183426099
2024-05-13,511.429443359375,0.00013438843792723532,0.1290509212711647,0.12892276067311584
2024-05-14,513.7759399414062,0.004577620675319416,0.12830877811299307,0.1281683985801353
2024-05-15,520.1380004882812,0.012306906015411734,0.1329542435854676,0.132853556567565
2024-05-16,519.0678100585938,-0.002059632071233608,0.1274979620233959,0.1274367402470586
2024-05-17,519.81396484375,0.0014364577981513804,0.12436835546317078,0.12428877570993418
2024-05-20,520.4129028320312,0.0011515527488841215,0.12437433059291395,0.12429353681759855
2024-05-21,521.689208984375,0.0024494850860055095,0.1244701170906092,0.1243870121893394
2024-05-22,520.1870727539062,-0.0028835233081245804,0.1207260864859436,0.12066395636458047
2024-05-23,516.3875732421875,-0.007330907701637912,0.12143163177382726,0.12137085139028388
2024-05-24,519.80419921875,0.006594606229169742,0.11463903904333597,0.1146492722341875
2024-05-28,520.1674194335938,0.0006985195039908021,0.10695033267991287,0.10702470902413073
2024-05-29,516.5249633789062,-0.007027101006656267,0.10944623599366947,0.10951235711145012
2024-05-30,513.0984497070312,-0.006655882681150693,0.10988814639545129,0.1099514785063671
2024-05-31,517.7718505859375,0.009066965832993823,0.1115305235782274,0.11159587593431461
2024-06-03,518.1940307617188,0.0008150465314615829,0.10700117632346229,0.107083307939872
2024-06-04,518.773193359375,0.0011170317526056905,0.10492286750322717,0.10499726352856574
2024-06-05,524.93896484375,0.011815217756924845,0.10493803217285527,0.10501267000952774
2024-06-06,524.9291381835938,-1.8719799427024952e-05,0.10485816683495494,0.10493201985877729
2024-06-07,524.291015625,-0.0012163751047982174,0.10390304889254352,0.1039759311852551
2024-06-10,525.9108276367188,0.003084765669748357,0.1015408693494626,0.10159898417827218
2024-06-11,527.177490234375,0.002405616294487878,0.10142102776859434,0.1014804743138081
2024-06-12,531.5072021484375,0.008179462845992802,0.08811548308352209,0.08838235056805767
2024-06-13,532.5774536132812,0.0020115915025105124,0.08642469687892043,0.08669023080535666
2024-06-14,532.9014892578125,0.0006082441266244132,0.08428864674643394,0.08454606924929486
2024-06-17,537.1427001953125,0.007927211211139706,0.08068275576651374,0.08089612407611964
2024-06-18,538.5074462890625,0.002537529196676047,0.07703583029077629,0.07722320049978011
2024-06-20,537.0446166992188,-0.0027201481772269887,0.07820999701545206,0.07839840901391529
2024-06-21,536.3245239257812,-0.0013417432162228238,0.07860370844762202,0.07879300763602738
2024-06-24,534.5811157226562,-0.003255953986547766,0.07902899621291838,0.07922021670995295
2024-06-25,536.6397705078125,0.0038435720326246425,0.07930947726515788,0.0794981742709572
2024-06-26,537.3095703125,0.0012473584480643396,0.07919524681215347,0.07938255126406032
2024-06-27,538.1565551757812,0.0015751031451731734,0.0787058490024988,0.07889525701059624
2024-06-28,536.0388793945312,-0.0039428179575393685,0.07330427422773758,0.07342633610610087
2024-07-01,537.14208984375,0.0020559642212187867,0.07277832577078372,0.07289699698350079
2024-07-02,540.7568969726562,0.006707160363666809,0.074546021107884,0.07466937240203814
2024-07-03,543.1700439453125,0.004452608138839409,0.07509443002823514,0.07521596498778775
2024-07-05,546.3023071289062,0.005750071235405052,0.07608779767861372,0.07621092989049641
2024-07-08,546.9326782226562,0.0011532217173035875,0.07494084530949599,0.07506226375851224
2024-07-09,547.4645385742188,0.0009719695651115856,0.06997294511107334,0.07012119154783854
2024-07-10,552.8818359375,0.009846610591966787,0.07244075054656338,0.07261314451508626
2024-07-11,548.1146240234375,-0.008659867456083603,0.07876660915301714,0.0788949786239953
2024-07-12,551.5718383789062,0.006287657188911666,0.07525692021789292,0.07540615420355617
2024-07-15,553.0887451171875,0.0027463778727954136,0.07043440929818026,0.07060349442531608
2024-07-16,556.36865234375,0.0059126502547490745,0.06844469524225132,0.06859666083271115
2024-07-17,548.5676879882812,-0.014120440586043337,0.08348030739237143,0.08345846152144569
2024-07-18,544.35205078125,-0.0077144880171573504,0.08800057103475917,0.08796579486300048
2024-07-19,540.7371826171875,-0.00666282813574437,0.08563349480147028,0.0855336447170308
2024-07-22,546.3121948242188,0.010257236151319127,0.08966737952636639,0.08960328599672267
2024-07-23,545.4552612304688,-0.0015698100634464751,0.08976043024608386,0.08969679778930799
2024-07-24,533.0938110351562,-0.02292337329368266,0.11375771059609678,0.11327457270734707
2024-07-25,530.3162841796875,-0.005223823215778189,0.11476390397296601,0.11429332372796372
2024-07-26,536.2555541992188,0.011137236512290372,0.1168525840638665,0.11641556752140898
2024-07-29,536.5708618164062,0.00058780734992947,0.11674380030993244,0.11630890007008242
2024-07-30,533.8523559570312,-0.005079321260804903,0.11775114696603363,0.11732605169006781
2024-07-31,542.52978515625,0.01612367366252343,0.12470131792915824,0.12441265148156413
2024-08-01,534.8470458984375,-0.014262176918143687,0.13144350920966122,0.13110830439592946
2024-08-02,524.88916015625,-0.01879369371314077,0.1419294419481218,0.1414584629362896
2024-08-05,509.60235595703125,-0.029556389393155413,0.1646652485620988,0.1636829991270292
2024-08-06,514.3007202148438,0.009177425761885516,0.1675641907164314,0.16658806700421297
2024-08-07,510.86309814453125,-0.006706508546843182,0.1675458373794586,0.16659149574758816
2024-08-08,522.6728515625,0.02285410090695006,0.1818727838561174,0.1812380434951628
2024-08-09,524.977783203125,0.004400198469021177,0.18239322060149515,0.1817539509507721
2024-08-12,525.2536010742188,0.0005252516379998795,0.18218943333580337,0.1815370062338435
2024-08-13,533.8917236328125,0.01631185804221591,0.18861963459830947,0.18804942436831185
2024-08-14,535.5759887695312,0.0031497286166253247,0.18776711029076595,0.18719904064345863
2024-08-15,544.7559204101562,0.016995059604238527,0.19395474523324968,0.19347515627957695
2024-08-16,545.977294921875,0.0022395485991291153,0.1933315219543547,0.1928577666401163
2024-08-19,551.1975708007812,0.00951592209131924,0.1952818970162911,0.19480481754283882
2024-08-20,550.30126953125,-0.0016274215360629896,0.1953447317885855,0.1948761489174357
2024-08-21,552.1923828125,0.0034306141027773407,0.19345957616465378,0.19298688385412063
2024-08-22,547.8584594726562,-0.007879537193415942,0.19317050731013619,0.19269818958888088
2024-08-23,553.6796875,0.010569370175319115,0.194776505203024,0.1943150730715552
2024-08-26,552.35986328125,-0.002386578028366948,0.1947448303336351,0.1942992368811351
2024-08-27,553.1182250976562,0.0013720071765153108,0.1939811336970341,0.19354389854710446
2024-08-28,549.9071655273438,-0.005822293246558807,0.19026000749563587,0.189846805295195
2024-08-29,549.95654296875,8.97882911452541e-05,0.18882034383516003,0.18839012956663992
2024-08-30,555.2064208984375,0.009500711823768881,0.18942051217613806,0.1889664609111085
2024-09-03,543.78076171875,-0.020793820065971858,0.19727867070344107,0.1967180076007083
2024-09-04,542.667724609375,-0.0020489466601976147,0.19731341838294128,0.19675433032498502
2024-09-05,541.347900390625,-0.002435066138300357,0.1853566432366326,0.1849756658693921
2024-09-06,532.2369384765625,-0.01697337801131127,0.19154113073335935,0.19109976046704655
2024-09-09,538.1959228515625,0.011133899468732444,0.19153946312750603,0.19109807152579208
2024-09-10,540.5401611328125,0.0043462752498895085,0.19192851853259663,0.1914777688832359
2024-09-11,546.0855712890625,0.010206749450267338,0.19335120174797257,0.19288074706774086
2024-09-12,550.6854248046875,0.008388041810298397,0.1892649151681663,0.1887286238190566
2024-09-13,553.5614624023438,0.005209059919926595,0.18442156814204658,0.1838842863685647
2024-09-16,554.3790893554688,0.0014759403837221186,0.17446541461469203,0.17401125824694214
2024-09-17,554.6055908203125,0.00040848439485685617,0.1471039502441181,0.14728279064820146
2024-09-18,552.960693359375,-0.0029702938664621925,0.1467554048182729,0.1469491518608465
2024-09-19,562.3966674804688,0.0169204948663344,0.1499348136718197,0.15019129517763538
2024-09-20,561.4244995117188,-0.001730111942721102,0.13842481966428266,0.13843748342712678
2024-09-23,562.827392578125,0.0024956930104984565,0.1382937679954861,0.13830996652060384
2024-09-24,564.4378051757812,0.002857204669195923,0.13819582260360985,0.1382063797265991
2024-09-25,563.1929931640625,-0.0022078370317819562,0.1322909622758236,0.13222149239835373
2024-09-26,565.42578125,0.003956678817452541,0.1323841539412183,0.1323135326843252
2024-09-27,564.6057739257812,-0.0014513001241294177,0.12455935677900751,0.12436883462582146
2024-09-30,566.8682861328125,0.003999234807808172,0.12479202584094969,0.12459947434230954
2024-10-01,561.7900390625,-0.008998793037497066,0.12567142262346073,0.12546462692213645
2024-10-02,562.027099609375,0.00042188456152381093,0.12549113194161104,0.12527992299604246
2024-10-03,560.9995727539062,-0.0018299247337374425,0.12542364631217037,0.1252219774171002
2024-10-04,566.09765625,0.009046456921546486,0.12515823014054753,0.12496251192115372
2024-10-07,560.9797973632812,-0.009081707820365992,0.12518593082941462,0.12496537313560467
2024-10-08,566.2853393554688,0.009413191263539566,0.1275230543900634,0.1273089276726248
2024-10-09,570.2077026367188,0.006902600737566544,0.1287290412838612,0.1285145950605722
2024-10-10,569.2098388671875,-0.0017515335481386174,0.12738404506749346,0.1271661332826588
2024-10-11,572.618408203125,0.0059703891013436206,0.12809693938380304,0.12787313501793263
2024-10-14,577.3014526367188,0.008145037725003412,0.12740539036487195,0.12717354816013896
2024-10-15,572.8160400390625,-0.007799960207556467,0.11252060094160876,0.11257610361294212
2024-10-16,575.3057250976562,0.0043369772033665654,0.1121766505405637,0.11222194230284471
2024-10-17,575.3550415039062,8.571841104121347e-05,0.11155720321195133,0.1115986678768149
2024-10-18,577.5682373046875,0.0038392815203192043,0.09596666924086426,0.09622121799903141
2024-10-21,576.6197509765625,-0.001643556424543391,0.09334674796129064,0.09358224862125669
2024-10-22,576.3134765625,-0.0005312960264332034,0.09348735174966022,0.09372931028427943
2024-10-23,571.0474243164062,-0.009179481747612961,0.09580012013036471,0.09598792070726213
2024-10-24,572.282470703125,0.0021604383345170675,0.09357800565570919,0.09375803164002856
2024-10-25,572.0848388671875,-0.00034539930711030564,0.09293513527987286,0.09312034132979571
2024-10-28,573.8533935546875,0.0030866516913548026,0.09310926775459723,0.09329237023120339
2024-10-29,574.7821044921875,0.0016170684981506867,0.09309142118199472,0.09327266484012577
2024-10-30,573.043212890625,-0.0030298912308612813,0.0931147290759148,0.09329592898085884
2024-10-31,561.809814453125,-0.019797744863808475,0.09978330165891294,0.09946058928161688
2024-11-01,564.1809692382812,0.00421168330063626,0.10039025653331744,0.10006302850315928
2024-11-04,562.9656982421875,-0.0021563679369602795,0.10035645094615055,0.10003580338720318
2024-11-05,569.77294921875,0.012019247230395713,0.10597257749216546,0.1057234921292784
2024-11-06,583.940673828125,0.0245614449889775,0.12679326577325187,0.12703552179647581
2024-11-07,588.455810546875,0.007702443843195184,0.1279588330956239,0.12820228988139068
2024-11-08,591.0048828125,0.0043224437215743094,0.12796219837669656,0.1281949631297661
2024-11-11,591.5679931640625,0.0009523478942599084,0.12775442758979494,0.12799291669951993
2024-11-12,589.7303466796875,-0.003111234316899747,0.1246841121600409,0.12494344908673072
2024-11-13,590.016845703125,0.0004856956319443384,0.12467893025269067,0.12493813758588274
2024-11-14,586.2229614257812,-0.006450891069826881,0.1264961148543963,0.12675056791172232
2024-11-15,578.7142333984375,-0.012891393714290267,0.13097239804562896,0.13116722023858
2024-11-18,581.0853881835938,0.004088909919746975,0.12792157106808774,0.12812163637240856
2024-11-19,583.2096557617188,0.0036490234091255402,0.12576812016424907,0.125959769003673
2024-11-20,583.4072265625,0.00033870725799278745,0.12451542175936245,0.12471292363617403
2024-11-21,586.5391235351562,0.005353928329435043,0.12497076771972274,0.12515733268550455
2024-11-22,588.3570556640625,0.003094628464899607,0.12425268898235194,0.12444088635443218
2024-11-25,590.3528442382812,0.0033863980978541264,0.12259723945383305,0.12278177082679631
2024-11-26,593.435302734375,0.005207799166820237,0.12049734603727644,0.12068135964548628
2024-11-27,591.63720703125,-0.0030345773244171426,0.12071230666936071,0.12090752792305468
2024-11-29,595.3125,0.006192856686422665,0.12163396370083326,0.12182223148730086
2024-12-02,596.3795166015625,0.0017907594778545644,0.12138307965427247,0.12157462260754623
2024-12-03,596.6560668945312,0.00046360779468379576,0.12112735507500148,0.1213152108387739
2024-12-04,600.361083984375,0.00619043581611578,0.12188637050564337,0.122065855549682
2024-12-05,599.373046875,-0.0016470938140926705,0.11812210013569076,0.11832398910613866
2024-12-06,600.50927734375,0.0018939037361285216,0.11811390617017235,0.1183163031875532
2024-12-09,597.4168090820312,-0.005163048315645291,0.11962084140169706,0.11982411846023368
2024-12-10,595.5595092773438,-0.0031137270316152765,0.12022936244135586,0.12044221974392584
2024-12-11,600.1635131835938,0.007700824642885351,0.12168042221410207,0.12189159386374453
2024-12-12,597.0711059570312,-0.005165928305661538,0.12251693888668759,0.12272638188072463
2024-12-13,596.9525146484375,-0.0001986414790078328,0.10501046623097791,0.10555572386235132
2024-12-16,599.5015258789062,0.0042609494401180115,0.10501948787408559,0.10556467876540349
2024-12-17,597.0316162109375,-0.0041284492492499325,0.10585386499446803,0.10639507270987246
2024-12-18,579.2379760742188,-0.030256665119028803,0.13720780040090044,0.136757411889254
2024-12-19,579.0599975585938,-0.00030731041765985623,0.11680264856510114,0.11577207459137728
2024-12-20,586.01513671875,0.011939524890535402,0.11992269937988775,0.11895728662477378
2024-12-23,589.5244140625,0.005970514162664919,0.12054892095324242,0.11959012986339629
2024-12-24,596.076904296875,0.011053558812185393,0.12478379494681778,0.1238845873628869
2024-12-26,596.1166381835938,6.665677227335465e-05,0.1243785198605188,0.12347089625239262
2024-12-27,589.841552734375,-0.010582403423606834,0.12835371183229258,0.12745649537372528
2024-12-30,583.1105346679688,-0.011477181422621108,0.13133747362192497,0.13043063077686418
2024-12-31,580.9891357421875,-0.003644707284218285,0.12619270141541283,0.1253004132751866
2025-01-02,579.5616455078125,-0.0024600232533282806,0.12583466400728308,0.12495074749666776
2025-01-03,586.8081665039062,0.012425929001310898,0.1305810429341584,0.1297736626133622
2025-01-06,590.1885375976562,0.0057440779169848355,0.13156518186233068,0.13075803030440078
2025-01-07,583.5170288085938,-0.01136840589731225,0.13496045426198514,0.13415781890757666
2025-01-08,584.3695678710938,0.0014599691722754216,0.13469952503742919,0.13389810944447872
2025-01-10,575.4476928710938,-0.015385270232041393,0.1411566180842288,0.1403251009479833
2025-01-13,576.3399047851562,0.0015492649761759125,0.14018665835634164,0.13935309393533377
2025-01-14,577.1329345703125,0.001375030053673676,0.14020608738517418,0.1393629610128149
2025-01-15,587.6309814453125,0.018026539134353925,0.14925762111524665,0.14860918311016147
2025-01-16,586.5008544921875,-0.0019250432831059427,0.1491650680009474,0.14852513791508695
2025-01-17,592.3892822265625,0.009989865080218152,0.1522545485633448,0.15163363865328586
2025-01-21,597.8117065429688,0.0091118422589469,0.15355645682828917,0.15294843480086814
2025-01-22,601.1723022460938,0.005605753669604141,0.15437526323141684,0.15375699012676533
2025-01-23,604.4535522460938,0.005443244418532167,0.1550748401483263,0.15445442938912313
2025-01-24,602.68896484375,-0.002923579667249321,0.15453443786382282,0.1539093714291736
2025-01-27,594.1637573242188,-0.014246283687872285,0.15994071575313798,0.15928740511738862
2025-01-28,599.2689819335938,0.00855558186466876,0.16032070349927433,0.15967131535024517
2025-01-29,596.58251953125,-0.004492977461362457,0.1601458578980543,0.15949523914855834
2025-01-30,599.7844848632812,0.005352827294124118,0.16090071928326002,0.16024240858780067
2025-01-31,596.5924682617188,-0.005336151231399633,0.1611779856507929,0.160540376952323
2025-02-03,592.57763671875,-0.0067523507033602215,0.16191678665819653,0.16128290847257346
2025-02-04,596.5527954101562,0.006685849410039246,0.13570315214669837,0.1357388657111019
2025-02-05,598.9715576171875,0.004046367606185264,0.13593021517250484,0.13595741935965244
2025-02-06,601.0533447265625,0.00346957666242087,0.13224222512714207,0.132239129795078
2025-02-07,595.5515747070312,-0.009195698094933924,0.13442114599087637,0.13441885489894573
2025-02-10,599.5960693359375,0.006768218284159744,0.13200502872395867,0.13197857362609733
2025-02-11,600.0521850585938,0.0007604158018210683,0.13201442506027608,0.13198645424956948
2025-02-12,598.1190185546875,-0.003226864701013632,0.12845796647834687,0.12845298579748513
2025-02-13,604.4337158203125,0.01050225096358659,0.12648268248946365,0.1265221479495772
2025-02-14,604.4039916992188,-4.917801771853192e-05,0.12571357956878737,0.12574776733417845
2025-02-18,606.1784057617188,0.00293150691263655,0.1252763614432968,0.1253002590241848
2025-02-19,607.6058959960938,0.0023521327313975604,0.12096766598565672,0.12095247312588946
2025-02-20,605.0780639648438,-0.004168993366714169,0.12111582768988605,0.12111217038995861
2025-02-21,594.728759765625,-0.01725204538682501,0.1273075481434356,0.12718798367107637
2025-02-24,592.0224609375,-0.00456086072995987,0.12816133822729062,0.12805173851697588
2025-02-25,589.0782470703125,-0.004985552790896186,0.12031086426527576,0.120302485728123
2025-02-26,589.3756713867188,0.0005047703912106627,0.12029094109916116,0.12028460963718329
2025-02-27,579.9680786132812,-0.016090727385163817,0.12977394112445825,0.12966088907663087
2025-02-28,589.018798828125,0.015485034506379058,0.12691147894498175,0.12672734363761232
2025-03-03,578.69921875,-0.017675241088364935,0.13688959691595398,0.13658029361863444
2025-03-04,571.8492431640625,-0.011907462830711424,0.13709442797083238,0.13675201374132748
2025-03-05,577.995361328125,0.010690447516776835,0.13819576865491565,0.13786829435282003
2025-03-06,567.7353515625,-0.017910463462140314,0.1448899259204639,0.14447009019478274
2025-03-07,570.9173583984375,0.005589088036002998,0.1449548241866444,0.14453530108503876
2025-03-10,555.710693359375,-0.02699664468575591,0.162194091646532,0.16140456639686812
2025-03-11,551.0911254882812,-0.008347645654197322,0.15942414474295544,0.1586571861313973
2025-03-12,554.0155639648438,0.005292602661800316,0.15772782829442242,0.1569453919665433
2025-03-13,546.6301879882812,-0.013420279518109979,0.1607437049184393,0.15995041374444735
2025-03-14,557.9212646484375,0.02044534901089179,0.17297547330488774,0.17243520826084083
2025-03-17,562.2236328125,0.0076818442523851616,0.17516398051632037,0.17460810060323567
2025-03-18,556.1468505859375,-0.010867314761204838,0.17653925479292956,0.1759797847620116
2025-03-19,562.2037963867188,0.010832032047054518,0.1787307474978115,0.17819293149657445
2025-03-20,560.5780029296875,-0.002896011663707121,0.17782805353650938,0.17730631201415328
2025-03-21,560.762939453125,0.0003298488766869667,0.17718862305420974,0.17667302127609166
2025-03-24,570.8053588867188,0.0177500255415719,0.18512586956714008,0.1847114366800441
2025-03-25,572.177490234375,0.002400966922408543,0.18387691822570687,0.1834649771927472
2025-03-26,565.3466796875,-0.012010105517123115,0.18618698663592093,0.18578572971549537
2025-03-27,563.8452758789062,-0.0026592550291821837,0.18616137830302829,0.18575844916879858
2025-03-28,552.4904174804688,-0.020343790998942346,0.18964157239477378,0.18914509076773842
2025-03-31,556.1991577148438,0.0066903381273437645,0.19154770898845802,0.19104330935205693
2025-04-01,557.7700805664062,0.002820408030903998,0.19151923884808958,0.19101503596101674
2025-04-02,561.2999267578125,0.006308555988446152,0.19277861930266746,0.19227187906211848
2025-04-03,533.6385498046875,-0.050536654708144724,0.23759939342528505,0.23519901492989634
2025-04-04,502.3977966308594,-0.06032650729590738,0.28603975833375606,0.2812977359295809
2025-04-07,501.5029296875,-0.0017827802230101497,0.28624271329594847,0.2814893910362393
2025-04-08,493.64801025390625,-0.015786715866889622,0.28777153489625973,0.28306202506713335
2025-04-09,545.4906005859375,0.09986284093397213,0.42045438869989943,0.4279966970964541
2025-04-10,521.5877075195312,-0.044808130838784876,0.43640886340434565,0.44310979148176666
2025-04-11,530.894287109375,0.017685475303136577,0.4372879982300803,0.4439797749034195
2025-04-14,536.0447387695312,0.009654706675345182,0.4367431577444527,0.443299617243552
2025-04-15,534.5433349609375,-0.002804822563847509,0.4358447077492783,0.442361714070801
2025-04-16,522.6614990234375,-0.02247877775644902,0.43788509822473426,0.4445018159753816
2025-04-17,523.4072265625,0.0014257718391741392,0.4358812472757272,0.4424335559886169
2025-04-21,510.94873046875,-0.024090543553596966,0.4394441589707853,0.44604038871503576
2025-04-22,524.2424926757812,0.025685096150560582,0.44169415004423734,0.448222523171352
2025-04-23,532.3658447265625,0.015376581499883635,0.44405057500623185,0.4504134279750355
2025-04-24,543.5715942382812,0.02083049495830558,0.44827364663759217,0.45455089099612767
2025-04-25,547.4990844726562,0.007199363478008536,0.4471451596002978,0.4533114246238381
2025-04-28,547.7078247070312,0.00038118867796210765,0.44295544734526826,0.44924476499729477
2025-04-29,551.1580810546875,0.00627968830011838,0.4427457965776309,0.44904630158382325
2025-04-30,551.3768310546875,0.0003968128364331136,0.44169212596245194,0.44793700692076593
2025-05-01,555.2843627929688,0.007061868617131317,0.4410020110722351,0.4472751678413035
2025-05-02,563.527099609375,0.014735075985804258,0.4430948683831861,0.4492407762268144
2025-05-05,560.2955932617188,-0.00575093433246554,0.4434267529925702,0.44961082770273636
2025-05-06,555.6124877929688,-0.008393402721332599,0.440784609137041,0.4471366731952652
2025-05-07,557.9490966796875,0.004196646774873969,0.4409321364419637,0.447269615142358
2025-05-08,561.8367919921875,0.006943668378214696,0.440180799682892,0.4464102107876804
2025-05-09,561.1209106445312,-0.001274992714246359,0.4401320840101629,0.44635224483245756
2025-05-12,579.66455078125,0.03251316620771494,0.4456958673461939,0.4518627366214248
2025-05-13,583.4926147460938,0.006582219324074323,0.4456852480262235,0.45185295379828644
2025-05-14,584.2383422851562,0.001277225093584633,0.44567087509048525,0.4518501476930501
2025-05-15,587.0919189453125,0.004872378696166635,0.4455569185402472,0.4517473883411072
2025-05-16,590.810546875,0.006314003734071427,0.41744299533322865,0.4249761021584506
2025-05-19,591.4568481445312,0.001093325142237589,0.37139044701604673,0.3820080277589359
2025-05-20,589.46826171875,-0.003367848289081543,0.37168660745866644,0.3823053287112662
2025-05-21,579.5352783203125,-0.016994341107078093,0.37230037985963194,0.3828964702049138
2025-05-22,579.7639770507812,0.00039454650277104264,0.24151128820618287,0.24050573628468405
2025-05-23,575.806640625,-0.006849173621263027,0.19882453486384213,0.19946777160903326
2025-05-27,587.7780151367188,0.020577440361441823,0.20080997158885777,0.2014979758815997
2025-05-28,584.3775024414062,-0.005802169053873207,0.20161700707792835,0.20233780371305252
2025-05-29,586.6842651367188,0.003939614019852655,0.20091154347731544,0.2016121882583125
2025-05-30,586.028076171875,-0.0011190963209175564,0.18628378849406904,0.1872628693043302
2025-06-02,589.3291015625,0.0056170739116891966,0.18621282552727952,0.18717914287585494
2025-06-03,592.6898193359375,0.0056864179918711955,0.1661625711060752,0.1675627452420823
2025-06-04,592.5307006835938,-0.0002685047223058845,0.1546415003442959,0.1558374837976887
2025-06-05,589.6671142578125,-0.0048445226173514655,0.15290296572301218,0.15408886423560758
2025-06-06,595.722412109375,0.010216642525801234,0.1452988384483869,0.14636933074593714
2025-06-09,596.2593383789062,0.0009008968562245201,0.14488339477915596,0.14596722252249844
2025-06-10,599.639892578125,0.005653592068832758,0.1449104882329033,0.14598262195333062
2025-06-11,597.9297485351562,-0.0028560263164871813,0.14554211983924734,0.14662855240622769
2025-06-12,600.3060913085938,0.003966407630086266,0.14541569582326527,0.14649415389809903
2025-06-13,593.5946044921875,-0.011243074969230271,0.1503839517654103,0.15141850101558205
2025-06-16,599.2421875,0.009469233755242001,0.14732030901499385,0.14832879184984113
2025-06-17,594.1216430664062,-0.008581751395890791,0.14884318380001355,0.1498335508799413
2025-06-18,594.0321044921875,-0.0001507188351208555,0.14574882136490952,0.14676044188860982
2025-06-20,592.636962890625,-0.002351358576216711,0.1462153662927089,0.14723873599973342
2025-06-23,598.49072265625,0.009829016593287498,0.14729644271686487,0.14832011150762642
2025-06-24,605.1024169921875,0.010986704102657896,0.1491259434950907,0.1501357033118432
2025-06-25,605.4414672851562,0.0005601619342154862,0.118981062367432,0.11913710417521865
2025-06-26,610.1783447265625,0.00779339291754777,0.11948572976670892,0.11964453703269476
2025-06-27,613.2098999023438,0.004956008681924473,0.11990360857970254,0.12005724376677926
2025-06-30,616.1417846679688,0.004769815441854064,0.1198797498766784,0.12003342924465547
2025-07-01,615.9423828125,-0.0003236822004097917,0.11915782018765106,0.11931925424210038
2025-07-02,618.734619140625,0.004523030855777321,0.11949809262310797,0.11965428387532756
2025-07-03,623.611083984375,0.00785045559545594,0.11994707206424281,0.12009498479090788
2025-07-07,618.9639892578125,-0.007479815896489939,0.1096688407296671,0.11000443018977017
2025-07-08,618.6249389648438,-0.0005479207089198468,0.10983710760688926,0.11017406169203747
2025-07-09,622.3345947265625,0.005978707139298045,0.10694561819852237,0.10728792374768951
2025-07-10,624.0897827148438,0.0028163588264300543,0.09238494367171143,0.09245024103927126
2025-07-11,621.8958129882812,-0.00352166510049301,0.09093683826105092,0.09100850322620076
2025-07-14,623.08251953125,0.0019063896477193865,0.09076517564565213,0.09083903646617449
2025-07-15,620.419921875,-0.004282422996106483,0.0921639940938428,0.09223688327537143
2025-07-16,622.494140625,0.0033376735176764427,0.09160040289375619,0.09167278030658511
2025-07-17,626.3035888671875,0.006101004139529742,0.09176001374071188,0.09183319169023706
2025-07-18,625.8449096679688,-0.0007326275122663262,0.09186243723728295,0.09193625903641747
2025-07-21,627.0316162109375,0.0018943716692678692,0.0896618808268418,0.08973365683713803
2025-07-22,627.121337890625,0.00014307932624468833,0.08638028003465446,0.08642771634708246
2025-07-23,632.4566040039062,0.008471564710641921,0.08852263354782829,0.0885802148101762
2025-07-24,632.6659545898438,0.00033095700717122867,0.08793736636567599,0.08799814621715116
2025-07-25,635.3385620117188,0.004215460346697952,0.08707697835073303,0.08713068413752743
2025-07-28,635.1790161132812,-0.0002511510301363984,0.08711691267901144,0.08717594197117837
2025-07-29,633.503662109375,-0.0026410937999177264,0.07904883369491184,0.07918920651733055
2025-07-30,632.7058715820312,-0.0012601241922203243,0.07651436135281763,0.07663747557322746
2025-07-31,630.3324584960938,-0.003758264215790952,0.07196278188298912,0.07212797047943623
2025-08-01,620.0010375976562,-0.01652624051083862,0.08963991222736899,0.08955588851923156
2025-08-04,629.4249267578125,0.015085436264082652,0.09718280568782353,0.09721493055680025
2025-08-05,626.2337646484375,-0.005082860496476549,0.09636048290411113,0.09637591939931266
2025-08-06,631.030517578125,0.0076304978539818435,0.09395330524798944,0.09393805064365211
2025-08-07,630.501953125,-0.0008379720638664878,0.09414889997131659,0.09413592939309119
2025-08-08,635.4183349609375,0.007767324056395353,0.09413343040429825,0.09412030669427177
2025-08-11,634.1618041992188,-0.0019794436495015333,0.09397144382243817,0.0939648726511223
2025-08-12,640.9131469726562,0.010589818050777744,0.09738758393186381,0.09741523762444802
2025-08-13,643.1070556640625,0.003417252815601124,0.0974444931341182,0.09746680305419082
2025-08-14,643.1668701171875,9.30042224585037e-05,0.09707114399223601,0.09709822421137314
2025-08-15,641.6610717773438,-0.0023439699280709547,0.09556998650494565,0.09559482796205787
2025-08-18,641.5214233398438,-0.00021765951231778047,0.09226348808029577,0.09229971860720586
2025-08-19,638.0410766601562,-0.005439914443276628,0.09413609512470578,0.09417049240907212
2025-08-20,636.3457641601562,-0.002660594798622462,0.09351766152117486,0.09355653946068787
2025-08-21,633.7928466796875,-0.004019909160368762,0.09429573753304189,0.09434082022260715
2025-08-22,643.52587890625,0.015240081294933816,0.1026281261131365,0.10278432103648732
2025-08-25,640.6936645507812,-0.004410801816037591,0.10384397798367292,0.1040048748565512
2025-08-26,643.3762817382812,0.0041783099091663445,0.10304643968019588,0.103199938332928
2025-08-27,644.8422241210938,0.002275922925996987,0.10290188392822047,0.10305671762045417
2025-08-28,647.1258544921875,0.0035351225577837653,0.10210027694078588,0.10225427717555532
2025-08-29,643.2666015625,-0.0059815359554891145,0.10402969149697773,0.1041796144054097
2025-09-02,638.4998168945312,-0.007437871011363839,0.10674705060383563,0.10689100521006982
2025-09-03,641.960205078125,0.0054049272110097135,0.10763521980344178,0.10777406848449324
2025-09-04,647.3253173828125,0.008322661163590261,0.107543577487735,0.10768161677082558
2025-09-05,645.4505004882812,-0.002900453710472206,0.10806594125131924,0.10820794566505858
2025-09-08,647.0361328125,0.0024536162755648405,0.10768317123511613,0.10782676438343188
2025-09-09,648.531982421875,0.0023091804382655567,0.10776128383657264,0.10790048931181533
2025-09-10,650.4067993164062,0.00288669215638393,0.10746542944508387,0.10759662255807005
2025-09-11,655.8118286132812,0.008275888937158804,0.10935433295771187,0.10948562507481936
2025-09-12,655.5924072265625,-0.0003346357786098153,0.1084530847165611,0.10858184364578176
2025-09-15,659.0827026367188,0.005309758409937082,0.09486110121487779,0.09519549323923822
2025-09-16,658.1752319335938,-0.0013778180003622964,0.08684529780107683,0.08708649221708399
2025-09-17,657.3575439453125,-0.0012431284245844054,0.08501417982483028,0.085263037279389
2025-09-18,660.4290161132812,0.004661570884159971,0.08361315209537974,0.0838558930541909
2025-09-19,663.7000122070312,0.004940610284100089,0.0838752788825475,0.084112712578554
2025-09-22,666.8400268554688,0.0047199188082895915,0.08241534104474868,0.08264582598932327
2025-09-23,663.2100219726562,-0.005458462106667561,0.08432626772758221,0.0845467426205078
2025-09-24,661.0999755859375,-0.0031866378358165193,0.08079067957407902,0.0809825512440517
2025-09-25,658.0499877929688,-0.004624179680054574,0.08208047932362139,0.08227273355663821
2025-09-26,661.8200073242188,0.005712728978095605,0.08328740705903898,0.08347722893907966
2025-09-29,663.6799926757812,0.002806467857221051,0.08285231154046754,0.08303738806394811
2025-09-30,666.1799926757812,0.003759798734535913,0.08309396114694864,0.08327460754076249
2025-10-01,668.4500122070312,0.003401724390952765,0.08082188364104476,0.08100649370970649
2025-10-02,669.219970703125,0.0011511936291652702,0.07984460096153942,0.08002740259489341
2025-10-03,669.2100219726562,-1.4866269469671067e-05,0.07818712023856889,0.07837294710234573
2025-10-06,671.6099853515625,0.003579848046447509,0.06733681944706088,0.06736595724940478
2025-10-07,669.1199951171875,-0.0037143841540672184,0.06684087755221649,0.06687212534224403
2025-10-08,673.1099853515625,0.00594533283456844,0.06765948823617998,0.0676952722788259
2025-10-09,671.1599731445312,-0.002901223169488709,0.06880169476756774,0.06884081223033174
2025-10-10,653.02001953125,-0.0273997320200996,0.10764977515379835,0.10686856173251802
2025-10-13,663.0399780273438,0.015227500463862675,0.11424010604741185,0.11360495194416867
2025-10-14,662.22998046875,-0.0012223889242513053,0.1116371490904329,0.11099328836448415
