date,Open,High,Low,Close,Spot,Volume,log_return,return
2023-10-02,415.8720282161266,417.80215618527694,413.7664421812551,416.5446472167969,416.5446472167969,83798600,,
2023-10-03,414.35133041357295,416.60313149378044,409.59426899346283,410.96875,410.96875,103760600,-0.013476474518349768,-0.01338607338745812
2023-10-04,411.436619280369,414.71195510117866,409.964651828837,413.96136474609375,413.96136474609375,87453000,0.007255470058980862,0.007281854754391359
2023-10-05,413.66893271247125,414.65349694142213,410.55932689037775,413.805419921875,413.805419921875,70142700,-0.00037678444932076616,-0.0003767134749746992
2023-10-06,411.3391815343107,420.26841441419174,410.0037011243771,418.7184753417969,418.7184753417969,113273300,0.011802934387630692,0.011872863871259742
2023-10-09,416.80777905217246,421.97427170928734,416.25216191772324,421.3991394042969,421.3991394042969,80374400,0.006381661598519273,0.0064020677862657305
2023-10-10,422.0327413468787,426.2049121040321,421.6330670998548,423.5924377441406,423.5924377441406,78607300,0.005191302078905835,0.0052048002351030576
2023-10-11,424.6648058188527,425.5810967496336,422.26675991351675,425.3276672363281,425.3276672363281,62451700,0.004088092386256292,0.004096460034623162
2023-10-12,425.94180257182495,426.3219617182537,420.36590701719814,422.73468017578125,422.73468017578125,81154200,-0.006115104977232555,-0.006096445776489157
2023-10-13,424.2455830882872,425.4543635328608,419.04987686462397,420.6290588378906,420.6290588378906,95143100,-0.004993398733237342,-0.004980952442830255
2023-10-16,422.8906459728739,426.12701132779,422.64694430004124,425.0547180175781,425.0547180175781,75433200,0.010466559020983368,0.010521525050871894
2023-10-17,421.9060960293189,427.1018325299322,421.5551798879123,425.03521728515625,425.03521728515625,75324700,-4.587922198773242e-05,-4.587816955148316e-05
2023-10-18,423.2512926064637,424.2163416495345,418.27977284903875,419.3715515136719,419.3715515136719,93559800,-0.013414744917817245,-0.013325168224083028
2023-10-19,420.0929124098837,421.915795975772,415.0044208134736,415.686767578125,415.686767578125,121323000,-0.008825270683920472,-0.008786442290248497
2023-10-20,415.24812835484806,415.7940176738114,410.4715521908134,410.57879638671875,410.57879638671875,123919900,-0.012364151396989875,-0.01228802932834816
2023-10-23,409.03859591438896,413.7566861845482,407.2741982932137,409.8671875,409.8671875,92035100,-0.001734688399087858,-0.0017331846967774123
2023-10-24,412.00207611511087,414.1174198991763,410.1401916112884,412.9573974609375,412.9573974609375,78564200,0.007511259498778955,0.007539539770886172
2023-10-25,411.2611739159688,411.2904169242442,406.51384074852336,407.0304870605469,407.0304870605469,94223200,-0.01445634437280674,-0.014352353140619667
2023-10-26,405.9582640880993,406.81606899932837,401.2304456203667,402.156494140625,402.156494140625,115156800,-0.012046787647111756,-0.011974515607222402
2023-10-27,403.75510694875203,404.15478118393054,398.9005598651939,400.3335266113281,400.3335266113281,107367700,-0.0045432855683635864,-0.004532980458745062
2023-10-30,403.141047198921,406.1824392731636,401.83480982081625,405.1199035644531,405.1199035644531,86562700,0.01188506526938049,0.011955973294667244
2023-10-31,405.6950255751164,407.9858271586759,403.7746552793757,407.6641540527344,407.6641540527344,79665200,0.006260602123330017,0.006280240654422675
2023-11-01,408.6389571260531,412.83061379639145,408.10279562252936,412.01177978515625,412.01177978515625,98068100,0.010608257055207737,0.010664724109786361
2023-11-02,415.8330307293069,420.0637180038268,415.813545304772,419.9077453613281,419.9077453613281,94938900,0.018983092596027262,0.01916441704722427
2023-11-03,422.2278004846274,425.2984357283652,422.1010708501771,423.7387390136719,423.7387390136719,100167800,0.009082050494181537,0.009123417452200577
2023-11-06,424.49901182686875,425.16187314477696,422.75409976323414,424.7134704589844,424.7134704589844,67831700,0.002297670660183826,0.0023003123282552274
2023-11-07,424.7134905447946,426.5656171377113,423.5632258948368,425.9222412109375,425.9222412109375,64256100,0.0028420428368907125,0.0028460852693152905
2023-11-08,426.52662197918363,427.05302588029497,423.91414739383225,426.23419189453125,426.23419189453125,61746000,0.00073214420594514,0.0007324122889353912
2023-11-09,427.3844848158496,427.42348541262743,422.48120841408235,422.9101257324219,422.9101257324219,83174400,-0.007829253691640226,-0.007798684913883913
2023-11-10,424.99619191806926,429.8214667358813,422.9003339303596,429.509521484375,429.509521484375,89462200,0.015484222189214414,0.01560472391273171
2023-11-13,428.16432214885,430.2113922506014,427.3747311670345,429.1001281738281,429.1001281738281,52236100,-0.0009536192418400091,-0.00095316469151141
2023-11-14,435.07570025554276,438.7214675155069,434.85148402212064,437.42498779296875,437.42498779296875,97176900,0.01921494392281531,0.01940073906425921
2023-11-15,438.77023396435783,440.0082575252673,437.4932395541406,438.35107421875,438.35107421875,77327600,0.002114894003462986,0.002117131969195052
2023-11-16,437.9026732481024,439.2089106749989,436.83037991296646,438.8872375488281,438.8872375488281,66665800,0.0012223893773191108,0.0012231367997299625
2023-11-17,438.8969439529958,440.0472384283699,437.9708954691745,439.43310546875,439.43310546875,83133200,0.0012429815489127805,0.001243754370645389
2023-11-20,439.1796343511977,443.6637508451693,439.16987676520114,442.815673828125,442.815673828125,69936200,0.007668097736697632,0.007697572889431736
2023-11-21,441.7629179345863,442.68899625100454,440.5736525039583,441.85064697265625,441.85064697265625,49244600,-0.00218167509161038,-0.0021792969682534746
2023-11-22,443.5175171922335,444.8822404813006,442.45498156900504,443.5564880371094,443.5564880371094,59394900,0.003853240182102091,0.003860673456383301
2023-11-24,443.60525077494174,444.0244104771882,443.27382009767217,443.8294372558594,443.8294372558594,29737400,0.0006151759219479302,0.0006153651814628791
2023-11-27,443.19582131477495,444.01465530107345,442.64017440483553,443.0301208496094,443.0301208496094,50506000,-0.0018025776807126803,-0.0018009540133075985
2023-11-28,442.6401889183708,444.77501785393656,442.07481415289016,443.4687805175781,443.4687805175781,62115000,0.0009896452281985546,0.0009901350886198923
2023-11-29,445.63287770336626,446.77341463372636,442.75721578278245,443.1568603515625,443.1568603515625,63146000,-0.0007036119067764801,-0.000703364429964104
2023-11-30,444.00489751533905,445.2526487077367,441.91879722170984,444.9017028808594,444.9017028808594,79752700,0.0039295714197020715,0.003937302308515855
2023-12-01,444.2876295398619,448.06988421555565,443.69301174485037,447.53375244140625,447.53375244140625,89183400,0.0058985939573421575,0.00591602491854637
2023-12-04,444.1219125709975,447.55322124535616,442.89364668102655,445.1844482421875,445.1844482421875,72430900,-0.0052632726000068075,-0.0052494458493973495
2023-12-05,443.7904728995386,446.06175924267177,443.41028403700943,445.0967102050781,445.0967102050781,69793500,-0.00019710186284616071,-0.00019708243955018911
2023-12-06,447.2510249980106,447.2802680067955,442.86439518784823,443.3030700683594,443.3030700683594,69124700,-0.004037917643882061,-0.004029776216257219
2023-12-07,445.39888657776544,447.3387421895649,444.79451124637484,446.6856384277344,446.6856384277344,66995400,0.007601410252827456,0.007630374314469224
2023-12-08,445.93505803646815,449.1421803615345,445.6913563650837,448.6060485839844,448.6060485839844,83194400,0.004290027774036531,0.0042992431165003175
2023-12-11,448.1088478352707,450.52637891012574,447.89438919355985,450.35089111328125,450.35089111328125,65002200,0.0038819316997029674,0.003889476155759519
2023-12-12,449.99997188879604,452.5052319702893,448.9959222888426,452.4077453613281,452.4077453613281,68327600,0.004556827759051529,0.004567225886824122
2023-12-13,452.7879477122068,458.9000046679178,452.42727399846257,458.64654541015625,458.64654541015625,93278000,0.013695995144768602,0.013790214939501722
2023-12-14,460.5961454982613,461.7951683960883,457.428023862559,460.1184997558594,460.1184997558594,119026000,0.003204204628414864,0.003209343579349877
2023-12-15,459.5175058870526,460.7018256606562,457.5012649448637,459.36090087890625,459.36090087890625,141553700,-0.0016478869409590757,-0.0016465299207815143
2023-12-18,460.9758624974249,462.9333802338233,459.9090189154098,461.94482421875,461.94482421875,70375300,0.005609278319885114,0.005625039777873653
2023-12-19,462.49294504720444,464.83219317180465,462.414657477173,464.7538757324219,464.7538757324219,55761800,0.006062510107066821,0.006080924314765479
2023-12-20,463.892567568819,465.7913622558364,457.8830033552832,458.31365966796875,458.31365966796875,102921000,-0.01395416980826969,-0.013857261662000742
2023-12-21,461.3184379551816,462.9334141013397,458.88133775326304,462.65936279296875,462.65936279296875,86667500,0.009437269653014724,0.009481941097169821
2023-12-22,463.79470338010276,465.28243610584667,461.68061032551907,463.58917236328125,463.58917236328125,67160400,0.002007689831282633,0.0020097065899615796
2023-12-26,464.00026588508166,466.45693055584053,463.92194844168887,465.54669189453125,465.54669189453125,55387000,0.004213640873906854,0.004222530740463526
2023-12-27,465.3411180605876,466.53520507295934,464.80281263154177,466.3883972167969,466.3883972167969,68000300,0.0018063608956664368,0.001807993348294179
2023-12-28,466.7505417729767,467.40629349897097,466.1437160434832,466.5645751953125,466.5645751953125,77158100,0.00037767815917710834,0.0003777494885528476
2023-12-29,466.36882605664505,466.8973642343975,463.2465827268645,465.2138977050781,465.2138977050781,122283100,-0.0028991406767930883,-0.0028949422267410263
2024-01-02,462.13086075540474,463.60879642832276,460.4963200555443,462.6104431152344,462.6104431152344,123623700,-0.005611970516641307,-0.0055962528262519795
2024-01-03,460.43754654015044,461.1814128694219,458.2255717162588,458.8323974609375,458.8323974609375,103585900,-0.008200328135935742,-0.008166797162760475
2024-01-04,458.3527850038454,460.9562872853515,457.1293363679507,457.3544616699219,457.3544616699219,84232200,-0.003226278696876861,-0.0032210798522382955
2024-01-05,457.5600069515087,460.44735777003535,456.5225248654525,457.98089599609375,457.98089599609375,86118900,0.0013687539080118327,0.0013696910791787253
2024-01-08,458.48002635182195,464.66578979536183,458.3527829151725,464.51898193359375,464.51898193359375,74879100,0.014174951277381886,0.01427589227991688
2024-01-09,461.8469854701935,464.84198549690996,461.3380415641875,463.8143005371094,463.8143005371094,65931400,-0.0015181649632474148,-0.0015170131337821635
2024-01-10,464.08833198358764,467.3084571861186,463.80448353404677,466.4373474121094,466.4373474121094,67310600,0.005639449997418389,0.005655381630023992
2024-01-11,467.44546301044596,467.96420403660454,462.2286911764114,466.2318115234375,466.2318115234375,77940700,-0.00044074769714441686,-0.0004406505821461515
2024-01-12,467.69014294589425,468.4340092581526,465.13559658829763,466.5547790527344,466.5547790527344,58026400,0.0006924789559921152,0.0006927187748977381
2024-01-16,465.1649566213452,466.4862572188479,463.01167512948393,464.8419494628906,464.8419494628906,85014900,-0.003677984833469594,-0.003671229332001258
2024-01-17,461.79803875549055,462.7474360984551,459.8894469222123,462.258056640625,462.258056640625,68843900,-0.005574154882190818,-0.005558648106633313
2024-01-18,463.9415020477,466.92670465681095,462.385279026975,466.3688049316406,466.3688049316406,91856200,0.00885344870441429,0.008892756398643842
2024-01-19,467.50412093986034,472.46643507689606,466.4177130414635,472.1825866699219,472.1825866699219,110834500,0.012388998944368623,0.012466060501481024
2024-01-22,473.7291329004626,474.9134228764255,472.5252486289505,473.1810302734375,473.1810302734375,75844900,0.0021122961723056832,0.002114528641467217
2024-01-23,473.7291139705338,474.80572488601405,472.63290876028725,474.56103515625,474.56103515625,49945300,0.0029121971229431054,0.002916441688321836
2024-01-24,477.4483526414292,478.387952774823,474.5805963770956,475.07977294921875,475.07977294921875,81765000,0.0010924927406987806,0.0010930897282748209
2024-01-25,477.22321235470645,477.93771704633434,475.0797580185204,477.6636657714844,477.6636657714844,72525000,0.005424123751126331,0.005438860943763668
2024-01-26,477.23305420109756,478.7305541413174,476.2053692914894,477.056884765625,477.056884765625,76641600,-0.0012711176840554117,-0.001270310156162635
2024-01-29,477.3700844183153,480.98170711382187,476.8219818291813,480.8348693847656,480.8348693847656,61322800,0.007888165218236765,0.007919358759483686
2024-01-30,480.13997500622065,481.177457075331,479.69952154301166,480.4629821777344,480.4629821777344,58618400,-0.0007737190403140914,-0.0007734197969192502
2024-01-31,478.2411436229909,478.6913643297399,472.60348309923063,472.6230773925781,472.6230773925781,126011100,-0.01645199096118688,-0.0163173960866273
2024-02-01,474.3359632749418,478.8382605000368,473.52357660494823,478.80889892578125,478.80889892578125,91891600,0.013003365135968004,0.013088276533870902
2024-02-02,479.24933857263767,485.5133902013353,478.90676694862634,483.8495178222656,483.8495178222656,99228200,0.01047238537807349,0.010527412727276309
2024-02-05,483.2133042043492,483.87885311983354,479.8170094626226,482.08770751953125,482.08770751953125,75757100,-0.003647881477633952,-0.0036412360410402744
2024-02-06,483.037054113165,483.8200791102588,481.598277417189,483.4873046875,483.4873046875,55918600,0.002898994134020505,0.002903200281065166
2024-02-07,485.74828512507054,487.9406956034412,484.8380166056108,487.51983642578125,487.51983642578125,70556500,0.008305922275241073,0.008340512148271806
2024-02-08,487.51977928446235,488.1168078335821,486.6976254514365,487.735107421875,487.735107421875,52343600,0.0004414661026803657,0.0004415635631813686
2024-02-09,488.2440989985779,490.99440919073515,487.9015274006516,490.5539855957031,490.5539855957031,63979400,0.0057628895086310195,0.005779526900838494
2024-02-12,490.5246201484485,492.8051152852079,489.6143516538678,490.3386535644531,490.3386535644531,56502300,-0.000439053217676566,-0.00043895684791661616
2024-02-13,484.02562800453546,486.53124834920015,480.29655905918094,483.5851745605469,483.5851745605469,113099200,-0.013868820246288216,-0.013773091219329126
2024-02-14,486.23763824813125,488.46920732678694,483.89839015930903,487.9798278808594,487.9798278808594,68387800,0.009046606827468828,0.009087651051970624
2024-02-15,488.6845154511361,491.5327072940358,488.2049033026233,491.34674072265625,491.34674072265625,61683000,0.006876002786404101,0.006899696769061769
2024-02-16,491.0433562248227,492.18848742065717,488.1560054976972,488.8998718261719,488.8998718261719,75532900,-0.004992364058683307,-0.00497992292140903
2024-02-20,487.1478520781103,487.823198068698,483.94732141745294,486.208251953125,486.208251953125,71736700,-0.005520673335875692,-0.005505462423201157
2024-02-21,484.8967856125797,486.80534769645107,483.07627838297776,486.64874267578125,486.64874267578125,59293400,0.0009055611568600241,0.000905971301158992
2024-02-22,493.30426441514726,497.6890850078149,492.33527282899786,496.7201232910156,496.7201232910156,76402500,0.02048414002912846,0.02069537991582604
2024-02-23,498.45253453500476,499.29428272154865,496.3286444476272,497.0627136230469,497.0627136230469,61321800,0.0006894672213624276,0.0006897049585214976
2024-02-26,497.5031487407398,497.9436022039435,495.11497457845917,495.2422180175781,495.2422180175781,50386700,-0.003669230273683155,-0.003662506874030691
2024-02-27,495.9371665232225,496.38738727191105,494.0285746437228,496.1622619628906,496.1622619628906,48854500,0.0018560420655981957,0.0018577655778122537
2024-02-28,494.59620128659884,496.09370114673266,494.2340652877106,495.5064697265625,495.5064697265625,56506600,-0.0013226036295561627,-0.001321729374849534
2024-02-29,497.27807451838515,498.9125852631045,494.6158489387993,497.287841796875,497.287841796875,83924800,0.0035886063434462656,0.0035950531005084496
2024-03-01,498.16871960912823,502.38713824254285,497.75762772536723,501.95648193359375,501.95648193359375,76844800,0.009344409564612022,0.00938820486712344
2024-03-04,501.1539275856768,503.27781758430046,501.1245361453111,501.41815185546875,501.41815185546875,49799300,-0.0010730391453996901,-0.001072463644759214
2024-03-05,499.40195187044725,499.8522024886755,494.18517986398405,496.4069519042969,496.4069519042969,72855600,-0.010044329538873242,-0.009994053730660202
2024-03-06,499.7053584754905,501.19309116164044,497.6206270502209,498.92236328125,498.92236328125,68382400,0.005054441165860624,0.005067236402116482
2024-03-07,502.24030642064287,504.93189312842094,498.98102288038933,503.87481689453125,503.87481689453125,58652100,0.009877359002370412,0.009926301119698389
2024-03-08,504.5111036412887,507.2124281294098,500.27306071329883,500.85052490234375,500.85052490234375,86532500,-0.006020154962362412,-0.006002070138822813
2024-03-11,499.6368961191953,501.0071527207687,497.698942580957,500.4198913574219,500.4198913574219,62557200,-0.0008601743634510939,-0.0008598045195337134
2024-03-12,502.5437254527857,506.39024042665795,500.00871383719493,505.8030090332031,505.8030090332031,73114400,0.0106997545586891,0.010757201639565395
2024-03-13,506.12602292151917,506.30219236269954,503.56167926871893,505.0102233886719,505.0102233886719,55104100,-0.0015686098710609997,-0.00156738024561498
2024-03-14,505.98901546357354,506.1456503584601,500.9484424178663,504.011962890625,504.011962890625,110171800,-0.0019786697206756187,-0.0019767134442317813
2024-03-15,500.9241752239074,502.3870776145681,498.8722167963723,500.55108642578125,500.55108642578125,107646300,-0.006890339356584896,-0.006866655396421173
2024-03-18,504.64517575188347,506.09822050628367,503.11357022244954,503.5259094238281,503.5259094238281,88893300,0.00592550514467316,0.005943095677383825
2024-03-19,502.82889109663125,506.60879710530685,501.8176083387377,506.3240966796875,506.3240966796875,60755300,0.005541802050477607,0.005557186241044176
2024-03-20,506.3829931276009,511.1446990445809,505.70554874674644,511.0072326660156,511.0072326660156,69594600,0.009206772526434648,0.009249285224698367
2024-03-21,513.8643894850584,514.5712568219466,512.411284529802,512.696044921875,512.696044921875,60256100,0.003299420495941341,0.0033048695750323986
2024-03-22,512.6074913570825,513.0983912687284,511.4882251766964,511.7239074707031,511.7239074707031,79070800,-0.0018979281704059048,-0.0018961282436262827
2024-03-25,510.3396035020047,511.46869741749754,510.15305911399236,510.3101806640625,510.3101806640625,48512100,-0.002766498152493746,-0.0027626749229447967
2024-03-26,511.7435537767085,512.0872197037324,508.96510314507884,509.36761474609375,509.36761474609375,65463700,-0.00184875298977083,-0.0018470450986147746
2024-03-27,512.2148648432812,513.6875647434284,510.03523783042095,513.6482543945312,513.6482543945312,82999800,0.008368715990754616,0.00840383158354352
2024-03-28,513.6875151873788,515.0619990069974,513.2653484476477,513.550048828125,513.550048828125,96294900,-0.000191210531398589,-0.0001911922518300635
2024-04-01,514.2963264415365,514.8363044731182,511.48833281353956,512.6566772460938,512.6566772460938,62477500,-0.001741114699442825,-0.0017395998385548728
2024-04-02,508.80803978701164,509.5345622239305,507.0800621401136,509.39715576171875,509.39715576171875,74230300,-0.00637839696882736,-0.00635809817573163
2024-04-03,508.2974512119765,511.46870586053615,508.248373198387,509.9566955566406,509.9566955566406,59155800,0.001097832416871114,0.0010984352554641585
2024-04-04,513.9919383481855,514.3355443672095,503.42776110615574,503.73211669921875,503.73211669921875,96858100,-0.012281199158207023,-0.012206093010755481
2024-04-05,505.09679005886454,510.9679341913057,504.65496812605966,508.9945068359375,508.9945068359375,74546500,0.010392612139642488,0.010446802898336882
2024-04-08,509.7014320043331,510.7126547207523,508.46435456683645,509.2792053222656,509.2792053222656,48401800,0.0005591787165810658,0.0005593350861443636
2024-04-09,511.0267721344404,511.27222207302566,504.9886796755233,509.8682556152344,509.8682556152344,68049200,0.0011559668863245776,0.001156635273564799
2024-04-10,504.1346341197876,506.7658508730003,502.7699776912442,504.76300048828125,504.76300048828125,82652800,-0.010063356871294005,-0.010012890723688717
2024-04-11,506.29457417860783,510.0254018796054,502.7601184459389,508.5723571777344,508.5723571777344,70099000,0.007518487547321762,0.007546822341907289
2024-04-12,505.00844586056235,506.43206780216656,499.81471562897786,501.5525207519531,501.5525207519531,92561100,-0.013899171459963888,-0.013803023948720017
2024-04-15,505.754597894728,505.92148710242344,494.41479083445734,495.26898193359375,495.26898193359375,92101400,-0.012607316413219216,-0.012528177126771789
2024-04-16,495.7500335642605,497.28163897934695,493.069709106782,494.3656921386719,494.3656921386719,73484000,-0.001825502014905389,-0.0018238367995413451
2024-04-17,496.8398101510921,497.006729311642,490.0359442713596,491.4399108886719,491.4399108886719,75910300,-0.0059358352836014205,-0.005918253019020825
2024-04-18,492.8439604399473,494.9548243860695,489.4861913543406,490.4287109375,490.4287109375,74548100,-0.0020597466630460914,-0.0020576268405699816
2024-04-19,490.35020469641637,491.3516299310736,484.87174380253674,486.1481018066406,486.1481018066406,102212600,-0.008766615160139324,-0.008728300434688196
2024-04-22,488.76944479009535,493.23665243811826,486.4131309562078,490.62506103515625,490.62506103515625,67961000,0.009166899234035242,0.009209043935126227
2024-04-23,492.64758250516905,496.87913793386264,490.4385325961786,496.4471435546875,496.4471435546875,64633600,0.011796806781324776,0.011866663531714838
2024-04-24,497.3406118733658,498.1358674864195,493.97304502182635,496.2115478515625,496.2115478515625,55928100,-0.0004746761592651083,-0.00047456351835983845
2024-04-25,490.09486089536534,495.09221872977014,488.4356166876918,494.326416015625,494.326416015625,69122400,-0.0038062834149776847,-0.003799048700296348
2024-04-26,497.1344324900181,500.60018526711485,496.4962684869457,499.0096740722656,499.0096740722656,64306100,0.009429422335349713,0.009474019402783806
2024-04-29,500.80633878668806,501.4543303567636,498.01803049137214,500.7768859863281,500.7768859863281,46415400,0.0035351820581341897,0.003541438184235579
2024-04-30,499.3042252109721,500.28602524952794,492.843994140625,492.843994140625,492.843994140625,77483600,-0.015967982481137177,-0.015841170125251547
2024-05-01,492.2548440181232,498.94089901298264,490.7723165650843,491.24359130859375,491.24359130859375,80242800,-0.0032525646428362975,-0.0032472807847072627
2024-05-02,494.9744511698694,496.682803499829,490.45816529457255,495.83843994140625,495.83843994140625,62550200,0.009310030324008345,0.009353503463673807
2024-05-03,501.85688879465766,503.22157520671925,499.30420281647224,501.9845275878906,501.9845275878906,72756700,0.012319149938537777,0.012395343223511768
2024-05-06,504.39968265724644,507.2076159005214,503.9578607313711,507.1683654785156,507.1683654785156,47264700,0.010273732597220864,0.010326688584475052
2024-05-07,508.14036653323757,509.13199404488415,507.05058299886457,507.72802734375,507.72802734375,52561300,0.0011028946913640425,0.0011035031033654885
2024-05-08,505.8822329674264,508.3170775768839,505.764421771763,507.777099609375,507.777099609375,42047200,9.664602247827503e-05,9.665069285569317e-05
2024-05-09,507.96361976918945,510.7421301704395,507.3058306373819,510.70281982421875,510.70281982421875,43643700,0.0057452841372036545,0.005761819934562817
2024-05-10,512.3130349714144,513.1279457174053,510.1334678228607,511.3607177734375,511.3607177734375,52233200,0.0012873916657483164,0.0012882207101287957
2024-05-13,513.0494374295964,513.1574210544592,510.2807540669257,511.429443359375,511.429443359375,36716400,0.00013438843792723532,0.0001343974684577809
2024-05-14,511.6257954945224,514.2963227171578,511.08581746685115,513.7759399414062,513.7759399414062,57535900,0.004577620675319416,0.004588113986199183
2024-05-15,516.2598787440616,520.432528485142,515.621684813936,520.1380004882812,520.1380004882812,59504900,0.012306906015411734,0.012382947608641448
2024-05-16,520.2361543782758,521.8463206535929,518.9205160986112,519.0678100585938,519.0678100585938,50244800,-0.002059632071233608,-0.0020575124845384485
2024-05-17,519.1855985309879,519.8826980271124,517.7227262796864,519.81396484375,519.81396484375,59187600,0.0014364577981513804,0.0014374899978328859
2024-05-20,519.9318304224834,521.8856028241897,519.5390864548481,520.4129028320312,520.4129028320312,37764200,0.0011515527488841215,0.001152216040331444
2024-05-21,519.6471082263093,521.846330534573,519.440908663292,521.689208984375,521.689208984375,33437000,0.0024494850860055095,0.00245248752557492
2024-05-22,520.9921558859738,521.7088506578033,517.997618165417,520.1870727539062,520.1870727539062,48390000,-0.0028835233081245804,-0.0028793699478528723
2024-05-23,523.2601735572039,523.3681571803176,515.1700908499565,516.3875732421875,516.3875732421875,57211200,-0.007330907701637912,-0.0073041021408009055
2024-05-24,518.2431108375699,520.6191100051178,517.2907935924079,519.80419921875,519.80419921875,41291100,0.006594606229169742,0.0066163985223557376
2024-05-28,520.6190689749426,520.8546913706681,517.5165476330567,520.1674194335938,520.1674194335938,36269600,0.0006985195039908021,0.0006987635255537583
2024-05-29,516.1126241518484,517.7129629685619,515.808268544491,516.5249633789062,516.5249633789062,45190300,-0.007027101006656267,-0.007002468664134565
2024-05-30,514.9737211407102,515.6413379056687,511.84177695073043,513.0984497070312,513.0984497070312,46377600,-0.006655882681150693,-0.006633781355813051
2024-05-31,514.0606778227026,517.8994893772648,508.92582317948944,517.7718505859375,517.7718505859375,90785800,0.009066965832993823,0.009108195282162113
2024-06-03,519.391857928712,519.6765583574672,513.0886587497955,518.1940307617188,518.1940307617188,46835700,0.0008150465314615829,0.000815378772143438
2024-06-04,516.8783269996437,519.5193707703163,515.4056273488814,518.773193359375,518.773193359375,34632700,0.0011170317526056905,0.0011176558649370616
2024-06-05,521.1099809761525,524.9586200186185,519.1070707176025,524.93896484375,524.93896484375,47610400,0.011815217756924845,0.011885293155661891
2024-06-06,525.2433213604766,525.6753157381511,522.9851934462151,524.9291381835938,524.9291381835938,30808500,-1.8719799427024952e-05,-1.871962421229334e-05
2024-06-07,523.9473496782516,527.1186043544275,522.8477384972871,524.291015625,524.291015625,43224500,-0.0012163751047982174,-0.0012156356204607865
2024-06-10,523.4759834328729,526.2348383329728,522.877099967298,525.9108276367188,525.9108276367188,35686100,0.003084765669748357,0.003089528455466173
2024-06-11,524.3499016107278,527.2363958338547,522.3666465543927,527.177490234375,527.177490234375,36383400,0.002405616294487878,0.0024085121109755914
2024-06-12,531.7723073085223,534.2169795758864,530.4664966070287,531.5072021484375,531.5072021484375,63251300,0.008179462845992802,0.008213006044961446
2024-06-13,533.2647256389599,533.4414424585367,529.7695198283611,532.5774536132812,532.5774536132812,44760900,0.0020115915025105124,0.0020136161100312577
2024-06-14,531.0360450903258,532.9309121002872,530.0247622194455,532.9014892578125,532.9014892578125,40089900,0.0006082441266244132,0.0006084291445926926
2024-06-17,532.2141054561657,538.5467267827651,531.7526283434909,537.1427001953125,537.1427001953125,55839500,0.007927211211139706,0.007958714739954686
2024-06-18,537.2016355735989,538.635085076816,536.7794687849962,538.5074462890625,538.5074462890625,41376400,0.002537529196676047,0.0025407514488304805
2024-06-20,539.4402111706817,540.107828000523,535.2577334527383,537.0446166992188,537.0446166992188,70328200,-0.0027201481772269887,-0.0027164519263834785
2024-06-21,536.2161919571165,537.4474010127514,534.8569323502853,536.3245239257812,536.3245239257812,64338600,-0.0013417432162228238,-0.0013408434812424153
2024-06-24,536.1472401021375,538.7278494880962,534.4629244620497,534.5811157226562,534.5811157226562,45528700,-0.003255953986547766,-0.0032506591165430976
2024-06-25,535.8123714938099,537.004203612723,534.2856841465313,536.6397705078125,536.6397705078125,37936200,0.0038435720326246425,0.0038509680282539094
2024-06-26,535.5169224493349,538.0285772692542,534.8668704239683,537.3095703125,537.3095703125,38550600,0.0012473584480643396,0.0012481367231760299
2024-06-27,537.1715879191873,538.7377123089291,536.4230031853552,538.1565551757812,538.1565551757812,35041500,0.0015751031451731734,0.0015763442716805187
2024-06-28,538.934685684169,542.0078389927284,534.7880117936159,536.0388793945312,536.0388793945312,76144500,-0.0039428179575393685,-0.003935055256473308
2024-07-01,537.4277087162804,537.6739505394513,534.3644748642668,537.14208984375,537.14208984375,40297800,0.0020559642212187867,0.002058079164826365
2024-07-02,535.5267231112665,540.7568969726562,535.4774867707054,540.7568969726562,540.7568969726562,40434800,0.006707160363666809,0.006729703736227055
2024-07-03,540.4416655124819,543.5344770067398,540.4022884660889,543.1700439453125,543.1700439453125,32789900,0.004452608138839409,0.004462535727543848
2024-07-05,543.4754556350376,546.7061172919005,542.8352028084947,546.3023071289062,546.3023071289062,41488400,0.005750071235405052,0.005766634626686251
2024-07-08,547.0902465409208,547.8880676594589,545.859037400113,546.9326782226562,546.9326782226562,36110500,0.0011532217173035875,0.0011538869331577661
2024-07-09,547.8979265962074,548.804079690317,547.1690604041432,547.4645385742188,547.4645385742188,27289700,0.0009719695651115856,0.0009724420806065392
2024-07-10,548.6957250344957,553.2265504354008,548.4002468766333,552.8818359375,552.8818359375,38701200,0.009846610591966787,0.009895247968735532
2024-07-11,553.0000838317138,553.8767192211716,547.4744313021142,548.1146240234375,548.1146240234375,53054200,-0.008659867456083603,-0.008622478808657075
2024-07-12,549.2473299383824,555.1965108923417,548.774564863736,551.5718383789062,551.5718383789062,53084400,0.006287657188911666,0.006307466000616824
2024-07-15,553.5812287923791,556.3489846422507,551.2172831044048,553.0887451171875,553.0887451171875,40584300,0.0027463778727954136,0.0027501526233455476
2024-07-16,554.4085769027762,556.664130530242,553.650132792749,556.36865234375,556.36865234375,36475300,0.0059126502547490745,0.0059301644727332015
2024-07-17,550.3997127297722,552.0840284475104,548.2426319478126,548.5676879882812,548.5676879882812,57119000,-0.014120440586043337,-0.014021214751418043
2024-07-18,550.1141460777824,551.1089727595462,542.1555927413102,544.35205078125,544.35205078125,56270400,-0.0077144880171573504,-0.007684807726264231
2024-07-19,544.1156132058904,545.7506925722541,539.6734011116428,540.7371826171875,540.7371826171875,65509100,-0.00666282813574437,-0.006640680711819669
2024-07-22,544.686974560121,546.9228698054537,542.7367583373153,546.3121948242188,546.3121948242188,43346700,0.010257236151319127,0.010310021922383727
2024-07-23,546.2037859358935,548.3707261822221,544.9627775434685,545.4552612304688,545.4552612304688,34439600,-0.0015698100634464751,-0.0015685785561234677
2024-07-24,540.6091160403827,540.9144534863593,532.1679394058027,533.0938110351562,533.0938110351562,74515300,-0.02292337329368266,-0.022662628952238584
2024-07-25,533.2120908102739,539.2302874589092,529.3707539281593,530.3162841796875,530.3162841796875,61158300,-0.005223823215778189,-0.00521020277852291
2024-07-26,534.1280514615765,538.9642140468326,533.3498888846163,536.2555541992188,536.2555541992188,53763800,0.011137236512290372,0.011199486413505655
2024-07-29,537.8119303855352,538.8264155678667,534.561489802525,536.5708618164062,536.5708618164062,39515800,0.00058780734992947,0.0005879801425243691
2024-07-30,538.0483268975827,539.1121085726509,530.4246884811519,533.8523559570312,533.8523559570312,46853600,-0.005079321260804903,-0.0050664433215256155
2024-07-31,540.7272783335964,545.1793493491198,539.3483603136782,542.52978515625,542.52978515625,65663400,0.01612367366252343,0.016254361533467154
2024-08-01,544.2633298730499,546.5287423968499,531.3208465092305,534.8470458984375,534.8470458984375,76428700,-0.014262176918143687,-0.014160953864680192
2024-08-02,527.6962932454506,528.9176432227539,520.653752172347,524.88916015625,524.88916015625,82789100,-0.01879369371314077,-0.01861819340417259
2024-08-05,503.9486536125226,515.7091648747456,502.5992232429508,509.60235595703125,509.60235595703125,146267400,-0.029556389393155413,-0.029123871018155834
2024-08-06,511.41471300744325,521.7864479457752,510.08503114656577,514.3007202148438,514.3007202148438,84826300,0.009177425761885516,0.009219667458147729
2024-08-07,520.5256246649207,523.5987778575752,510.26228253766516,510.86309814453125,510.86309814453125,70698300,-0.006706508546843182,-0.006684070107614182
2024-08-08,516.0341223537089,523.3031848604035,513.9952932201757,522.6728515625,522.6728515625,63276600,0.02285410090695006,0.02311725677752441
2024-08-09,521.8455939760821,526.4749529409472,520.6143846831733,524.977783203125,524.977783203125,45619600,0.004400198469021177,0.00440989355719279
2024-08-12,526.1794728639009,527.6765824787605,522.9684694205855,525.2536010742188,525.2536010742188,42542100,0.0005252516379998795,0.0005253896067960451
2024-08-13,528.464603597231,534.1281663146175,528.2183617399533,533.8917236328125,533.8917236328125,52333100,0.01631185804221591,0.016445622725722586
2024-08-14,534.6894941203759,536.7678208880384,532.0005525316452,535.5759887695312,535.5759887695312,42446900,0.0031497286166253247,0.003154694223874266
2024-08-15,541.2395796214291,545.0415393102818,540.6289046503756,544.7559204101562,544.7559204101562,60846800,0.016995059604238527,0.017140297237214774
2024-08-16,543.1307246146675,546.676643441067,542.9731562772823,545.977294921875,545.977294921875,44430700,0.0022395485991291153,0.002242058261246793
2024-08-19,546.3909252667271,551.1975708007812,545.5340084715398,551.1975708007812,551.1975708007812,39121800,0.00951592209131924,0.009561342435775222
2024-08-20,550.7445168615222,552.4091140848926,548.9518690734592,550.30126953125,550.30126953125,33732300,-0.0016274215360629896,-0.0016260980037141604
2024-08-21,551.3551846243884,553.6599745235571,546.3909107782366,552.1923828125,552.1923828125,41514600,0.0034306141027773407,0.003436505394328604
2024-08-22,554.1031783410953,554.7138532317389,546.6371096913691,547.8584594726562,547.8584594726562,56121500,-0.007879537193415942,-0.007848575016137782
2024-08-23,551.1187965007202,554.6252777748409,548.9124191927582,553.6796875,553.6796875,50639400,0.010569370175319115,0.010625423276199752
2024-08-26,554.7139498665612,555.4329568526259,550.6460295723259,552.35986328125,552.35986328125,35788600,-0.002386578028366948,-0.002383732415233264
2024-08-27,551.079335607506,553.6107087392104,549.9269407192061,553.1182250976562,553.1182250976562,32693900,0.0013720071765153108,0.001372948808954444
2024-08-28,552.7734536920017,553.2068416566608,546.6961628961363,549.9071655273438,549.9071655273438,41066000,-0.005822293246558807,-0.005805376544491092
2024-08-29,551.88710078259,555.2064362272188,548.8041479034026,549.95654296875,549.95654296875,38715200,8.97882911452541e-05,8.979232223471634e-05
2024-08-30,552.340192195133,555.7186231878466,548.7647556974438,555.2064208984375,555.2064208984375,62700100,0.009500711823768881,0.009545986854430089
2024-09-03,552.0445916444628,552.3795069769291,541.2493885534014,543.78076171875,543.78076171875,60600100,-0.020793820065971858,-0.02057911931421552
2024-09-04,541.9289991634373,546.0953914408842,541.200133008933,542.667724609375,542.667724609375,47224900,-0.0020489466601976147,-0.002046849001897333
2024-09-05,542.6086874774144,545.4749160649053,538.875622679528,541.347900390625,541.347900390625,44264300,-0.002435066138300357,-0.002432103769760885
2024-09-06,541.6729424455356,543.3079617814396,531.3307853548916,532.2369384765625,532.2369384765625,68493800,-0.01697337801131127,-0.016830141776643548
2024-09-09,536.4624310089539,539.4764283569401,534.5220142860865,538.1959228515625,538.1959228515625,40445800,0.011133899468732444,0.011196112002403558
2024-09-10,540.116632425003,540.8947950359166,535.2115147063951,540.5401611328125,540.5401611328125,36394600,0.0043462752498895085,0.0043557340026461056
2024-09-11,540.4515870073689,547.0114429857031,531.8429821458573,546.0855712890625,546.0855712890625,75248600,0.010206749450267338,0.010259015989909859
2024-09-12,546.6667411644733,550.9907622799467,544.430846031605,550.6854248046875,550.6854248046875,51819600,0.008388041810298397,0.008423320002333812
2024-09-13,551.2960497156297,554.5661482506139,551.0399486078251,553.5614624023438,553.5614624023438,39310500,0.005209059919926595,0.005222650660631434
2024-09-16,553.2955891224333,554.6449896789841,551.483282734757,554.3790893554688,554.3790893554688,36656100,0.0014759403837221186,0.0014770301197930547
2024-09-17,556.6050433439642,558.0628359488541,552.3598363336012,554.6055908203125,554.6055908203125,49321000,0.00040848439485685617,0.0004085678359677658
2024-09-18,555.2654832884236,560.1410836858305,552.3992547567514,552.960693359375,552.960693359375,59044900,-0.0029702938664621925,-0.0029658869080358974
2024-09-19,562.4262453589706,564.268129589741,559.5402980876692,562.3966674804688,562.3966674804688,75315500,0.0169204948663344,0.017064457265068667
2024-09-20,561.0194507348042,562.4717649737814,558.3814778607674,561.4244995117188,561.4244995117188,77503100,-0.001730111942721102,-0.0017286161618014217
2024-09-23,562.5013997902016,563.4794987580368,561.2762433950409,562.827392578125,562.827392578125,44116900,0.0024956930104984565,0.002498809844647676
2024-09-24,563.6276473879294,564.4970820723543,560.7822357483631,564.4378051757812,564.4378051757812,46805700,0.002857204669195923,0.002861290368756819
2024-09-25,564.2798167924118,565.0208082336345,562.0765612351239,563.1929931640625,563.1929931640625,38428600,-0.0022078370317819562,-0.002205401552312858
2024-09-26,567.4808141228361,567.8068671978508,563.0546451370627,565.42578125,565.42578125,48336000,0.003956678817452541,0.003964516805142537
2024-09-27,566.5027553128888,567.3227423718845,563.5683980340395,564.6057739257812,564.6057739257812,42100900,-0.0014513001241294177,-0.0014502474973920876
2024-09-30,563.5683780406285,567.4808341729492,561.2565187412819,566.8682861328125,566.8682861328125,63557400,0.003999234807808172,0.0040072424185457756
2024-10-01,566.5126532309621,567.1646991347823,559.2015139106102,561.7900390625,561.7900390625,72668800,-0.008998793037497066,-0.008958425077819077
2024-10-02,560.8909490641679,563.0546461987454,558.4802548151501,562.027099609375,562.027099609375,38097800,0.00042188456152381093,0.00042197356733231217
2024-10-03,560.5450763874719,562.9557704621627,558.697542929224,560.9995727539062,560.9995727539062,40846500,-0.0018299247337374425,-0.0018282514422932605
2024-10-04,565.475218643551,566.4730967206212,561.2762673344769,566.09765625,566.09765625,42939100,0.009046456921546486,0.009087499783765551
2024-10-07,564.437756738031,565.089862846404,559.8238678282893,560.9797973632812,560.9797973632812,49964700,-0.009081707820365992,-0.009040593668274477
2024-10-08,563.5683710395065,566.8880581569168,562.6891071231569,566.2853393554688,566.2853393554688,37398700,0.009413191263539566,0.00945763469045513
2024-10-09,566.2754673649648,570.7708633231716,565.6728088468782,570.2077026367188,570.2077026367188,37912200,0.006902600737566544,0.0069264785941913765
2024-10-10,568.8541774674673,570.6424343017676,567.5895231990827,569.2098388671875,569.2098388671875,44138100,-0.0017515335481386174,-0.0017500005084409853
2024-10-11,569.1307797527231,573.3593995994619,568.9924468862521,572.618408203125,572.618408203125,42268000,0.0059703891013436206,0.0059882473969898875
2024-10-14,574.2386520785454,578.2400537803853,573.7545473576104,577.3014526367188,577.3014526367188,36217200,0.008145037725003412,0.008178298787650196
2024-10-15,577.5682626319184,577.8745366754565,571.5908835628732,572.8160400390625,572.8160400390625,54203600,-0.007799960207556467,-0.007769619454740639
2024-10-16,572.8160349375962,575.829387978223,572.0058770840247,575.3057250976562,575.3057250976562,30725400,0.0043369772033665654,0.004346395499720934
2024-10-17,578.8722779234968,579.0797772037582,575.1673212890112,575.3550415039062,575.3550415039062,34393700,8.571841104121347e-05,8.57220849690421e-05
2024-10-18,577.0544639759777,578.3586160628329,575.5823707247497,577.5682373046875,577.5682373046875,37416800,0.0038392815203192043,0.0038466610025633674
2024-10-21,576.8370795083325,577.8250680389981,573.6261167836691,576.6197509765625,576.6197509765625,36439000,-0.001643556424543391,-0.00164220652532987
2024-10-22,574.0707233027231,577.4792957916693,573.408787872185,576.3134765625,576.3134765625,34183800,-0.0005312960264332034,-0.0005311549136910454
2024-10-23,574.2781657865612,574.722772641486,567.5202983769775,571.0474243164062,571.0474243164062,49314600,-0.009179481747612961,-0.009137478924671094
2024-10-24,573.0135725724089,573.0926285399634,569.644558193077,572.282470703125,572.282470703125,34979900,0.0021604383345170675,0.0021627737629623667
2024-10-25,574.5252018172647,577.4397799503068,571.1364085012576,572.0848388671875,572.0848388671875,47268200,-0.00034539930711030564,-0.0003453396636361461
2024-10-28,575.5823734785425,575.7108168113346,573.5471195231146,573.8533935546875,573.8533935546875,30174700,0.0030866516913548026,0.003091420305775028
2024-10-29,572.885123103402,575.9083655831134,571.4821962800153,574.7821044921875,574.7821044921875,42899700,0.0016170684981506867,0.0016183766584478843
2024-10-30,574.3078067989089,576.3134523756352,572.3318298218145,573.043212890625,573.043212890625,41435800,-0.0030298912308612813,-0.003025305742771489
2024-10-31,568.646678223919,568.715844657544,561.6122046859157,561.809814453125,561.809814453125,60182500,-0.019797744863808475,-0.019603056427166976
2024-11-01,564.4576349818459,568.6368073209918,563.7660309249709,564.1809692382812,564.1809692382812,45667500,0.00421168330063626,0.004220564903203661
2024-11-04,564.319237599237,565.6233895940205,561.0687772961523,562.9656982421875,562.9656982421875,38217000,-0.0021563679369602795,-0.0021540446458775397
2024-11-05,563.8845163682408,569.8124470478838,563.6671878549613,569.77294921875,569.77294921875,39478300,0.012019247230395713,0.01209176864206385
2024-11-06,582.1228088428832,584.8199980241973,578.3585752472569,583.940673828125,583.940673828125,68182000,0.0245614449889775,0.02486556202571788
2024-11-07,585.9562310221482,589.4833571706318,585.8771750583134,588.455810546875,588.455810546875,47233200,0.007702443843195184,0.007732183971961071
2024-11-08,589.0091266121742,592.4374782938615,589.0091266121742,591.0048828125,591.0048828125,46444900,0.0043224437215743094,0.004331798955738098
2024-11-11,592.6053690098148,592.9610303908673,589.8291237873193,591.5679931640625,591.5679931640625,37586800,0.0009523478942599084,0.0009528015215081176
2024-11-12,591.4889348135927,592.0915933127267,587.2307068852001,589.7303466796875,589.7303466796875,43006100,-0.003111234316899747,-0.0031063994428538466
2024-11-13,590.1946763941613,592.0323205035678,587.813650678472,590.016845703125,590.016845703125,47388600,0.0004856956319443384,0.000485813601166285
2024-11-14,590.1453071885351,590.6294119127012,585.5314177067058,586.2229614257812,586.2229614257812,38904100,-0.006450891069826881,-0.006430128741193086
2024-11-15,582.6365185919044,583.1107940523099,576.8469207592872,578.7142333984375,578.7142333984375,75988800,-0.012891393714290267,-0.01280865561642519
2024-11-18,579.1785175497744,582.4092588399365,578.3091432556826,581.0853881835938,581.0853881835938,37001700,0.004088909919746975,0.0040972809174433245
2024-11-19,577.6868332829765,583.9407576739353,577.0150082743982,583.2096557617188,583.2096557617188,49412000,0.0036490234091255402,0.0036556892004551145
2024-11-20,583.2886727631445,583.69372152727,577.6077387195638,583.4072265625,583.4072265625,50032600,0.00033870725799278745,0.00033876462577286937
2024-11-21,586.2724076420711,587.9717189391857,580.3938639302464,586.5391235351562,586.5391235351562,46750300,0.005353928329435043,0.00536828621597607
2024-11-22,586.5292407131672,588.9893827920057,586.0254172195599,588.3570556640625,588.3570556640625,38226400,0.003094628464899607,0.0030994217707922544
2024-11-25,592.318931861111,593.6428027871202,588.0508139658752,590.3528442382812,590.3528442382812,42441400,0.0033863980978541264,0.0033921384217381334
2024-11-26,591.6074878710035,594.107127662382,590.8862755795608,593.435302734375,593.435302734375,45621300,0.005207799166820237,0.0052213833238510254
2024-11-27,593.2476332102867,593.6329029196354,590.1058368216852,591.63720703125,591.63720703125,34000200,-0.0030345773244171426,-0.003029977648515203
2024-11-29,592.4571985640151,596.1028787945397,592.1805931218427,595.3125,595.3125,30177400,0.006192856686422665,0.006212072068949359
2024-12-02,595.7274104076383,597.0612310941011,595.2334161464374,596.3795166015625,596.3795166015625,31746000,0.0017907594778545644,0.0017923638451442514
2024-12-03,596.1423539157369,596.903064002307,595.1049781234844,596.6560668945312,596.6560668945312,26906600,0.00046360779468379576,0.00046371527738697793
2024-12-04,598.3554986242718,600.6080811170303,597.6836736596936,600.361083984375,600.361083984375,42787600,0.00619043581611578,0.006209636162969989
2024-12-05,600.3610353255455,601.1711930912362,599.0173855052907,599.373046875,599.373046875,28762200,-0.0016470938140926705,-0.0016457380995079651
2024-12-06,600.1437264292612,601.7541524804552,599.7287881510366,600.50927734375,600.50927734375,31241500,0.0018939037361285216,0.0018956983045435027
2024-12-09,600.3906637675948,600.5586049083868,596.8240401721624,597.4168090820312,597.4168090820312,34742700,-0.005163048315645291,-0.00514974269073365
2024-12-10,598.0986471868431,598.5234750437891,594.8975738074082,595.5595092773438,595.5595092773438,37234500,-0.0031137270316152765,-0.0031088844111054614
2024-12-11,598.5036997474019,601.1218330792508,598.2270340236872,600.1635131835938,600.1635131835938,28677700,0.007700824642885351,0.007730552253017553
2024-12-12,599.2940800778147,599.8670699892645,597.0711059570312,597.0711059570312,597.0711059570312,31543800,-0.005165928305661538,-0.00515260784541649
2024-12-13,599.1162117354461,599.8374239971062,595.5693067171701,596.9525146484375,596.9525146484375,35904700,-0.0001986414790078328,-0.00019862175109552904
2024-12-16,598.7210366652528,600.4796851568691,597.9405474515993,599.5015258789062,599.5015258789062,43695200,0.0042609494401180115,0.004270040192342561
2024-12-17,596.9328414706237,597.9010510130405,595.6484683363475,597.0316162109375,597.0316162109375,55773500,-0.0041284492492499325,-0.0041199389181665325
2024-12-18,596.7253257724597,599.1261307957567,578.852646053902,579.2379760742188,579.2379760742188,108248700,-0.030256665119028803,-0.02980351400759329
2024-12-19,584.2568263743534,585.8771418800329,578.8130004498754,579.0599975585938,579.0599975585938,85919500,-0.00030731041765985623,-0.0003072632026498434
2024-12-20,576.716609074651,590.5751556827481,575.8640332815654,586.01513671875,586.01513671875,125716700,0.011939524890535402,0.012011085534280097
2024-12-23,585.7574336728889,590.1291009674258,582.555448912475,589.5244140625,589.5244140625,57635800,0.005970514162664919,0.0059883732072167906
2024-12-24,590.8824302891231,596.1165955673065,590.2975285951272,596.076904296875,596.076904296875,33160100,0.011053558812185393,0.011114875106224664
2024-12-26,594.2925942579211,597.2466898769559,592.8849456716348,596.1166381835938,596.1166381835938,41219100,6.665677227335465e-05,6.665899388536012e-05
2024-12-27,592.3495448410098,592.5875109444909,585.6284696635397,589.841552734375,589.841552734375,64969300,-0.010582403423606834,-0.010526606786784742
2024-12-30,582.7834446998471,586.5999783678407,579.3336317674779,583.1105346679688,583.1105346679688,56578800,-0.011477181422621108,-0.011411569827867729
2024-12-31,584.7858235548729,585.5095236812081,579.3435211584518,580.9891357421875,580.9891357421875,57052700,-0.003644707284218285,-0.0036380734005933
2025-01-02,584.2703854968423,585.9952616225524,575.4575923435457,579.5616455078125,579.5616455078125,50204000,-0.0024600232533282806,-0.002456999875826371
2025-01-03,582.4265768189647,587.4524841165517,581.3360954279694,586.8081665039062,586.8081665039062,37888500,0.012425929001310898,0.012503451621171946
2025-01-06,591.0906669897693,594.4908658796807,588.4438157230102,590.1885375976562,590.1885375976562,47679400,0.0057440779169848355,0.005760606765051746
2025-01-07,592.2306550581247,592.5578055433604,581.6831225375574,583.5170288085938,583.5170288085938,60393100,-0.01136840589731225,-0.011304029753303357
2025-01-08,583.5864517434001,585.4501265456269,580.116853410211,584.3695678710938,584.3695678710938,47304700,0.0014599691722754216,0.0014610354461130903
2025-01-10,580.7908883545033,580.8602875756501,573.5245418299866,575.4476928710938,575.4476928710938,73105000,-0.015385270232041393,-0.015267521600248801
2025-01-13,570.7687264554227,576.6967632072416,570.352331124668,576.3399047851562,576.3399047851562,47910100,0.0015492649761759125,0.0015504657071625516
2025-01-14,579.2840683920101,579.9185236912625,573.3262632797856,577.1329345703125,577.1329345703125,48420600,0.001375030053673676,0.0013759758409437328
2025-01-15,585.2022507077428,588.7808787490047,584.082061353333,587.6309814453125,587.6309814453125,56900200,0.018026539134353925,0.018189997912380518
2025-01-16,589.0088467012978,589.1872759074608,585.7969999803885,586.5008544921875,586.5008544921875,43319700,-0.0019250432831059427,-0.0019231915756813267
2025-01-17,591.7746725476055,594.1537892227647,590.4363626944013,592.3892822265625,592.3892822265625,58070600,0.009989865080218152,0.01003993035862405
2025-01-21,595.4523751286994,597.8216293606315,593.4697477556989,597.8117065429688,597.8117065429688,42532900,0.0091118422589469,0.009153481467499613
2025-01-22,600.656799743693,602.5403200370894,600.1016664737954,601.1723022460938,601.1723022460938,48196000,0.005605753669604141,0.005621495307541968
2025-01-23,600.537850876753,604.4535522460938,600.2603144924775,604.4535522460938,604.4535522460938,41152100,0.005443244418532167,0.005458085789615819
2025-01-24,604.5130086851335,605.4746144426255,601.5291447490314,602.68896484375,602.68896484375,34604700,-0.002923579667249321,-0.0029193101699653834
2025-01-27,589.6433687414142,594.4809850060814,589.4748623340163,594.1637573242188,594.1637573242188,70361100,-0.014246283687872285,-0.014145285573200161
2025-01-28,595.4028342716128,600.1115743831343,592.0621119171008,599.2689819335938,599.2689819335938,44433300,0.00855558186466876,0.00859228545404056
2025-01-29,598.4759021527152,598.882374668965,594.0149903221018,596.58251953125,596.58251953125,37177400,-0.004492977461362457,-0.004482899137672081
2025-01-30,598.7139095137852,601.3309319842132,595.5020019503173,599.7844848632812,599.7844848632812,39281300,0.005352827294124118,0.005367179270601374
2025-01-31,602.2231232896551,604.6617769781066,595.8291372870628,596.5924682617188,596.5924682617188,66566900,-0.005336151231399633,-0.005321939266718645
2025-02-03,587.5219003161839,595.0757062127931,585.3608436126516,592.57763671875,592.57763671875,65857200,-0.0067523507033602215,-0.006729604808231482
2025-02-04,592.6370941417676,597.0682373976618,592.0918837004701,596.5527954101562,596.5527954101562,33457800,0.006685849410039246,0.00670824959480032
2025-02-05,595.4226979994195,599.1202788798545,593.3805941197304,598.9715576171875,598.9715576171875,30653100,0.004046367606185264,0.004054565204691052
2025-02-06,600.726194256066,601.1822203511523,597.3953946627929,601.0533447265625,601.0533447265625,35771500,0.00346957666242087,0.003475602610676143
2025-02-07,601.6184099530446,602.8476293093627,594.8377973519179,595.5515747070312,595.5515747070312,50788500,-0.009195698094933924,-0.009153546965176895
2025-02-10,598.7832453434885,600.2404474451814,597.5044119428333,599.5960693359375,599.5960693359375,26048700,0.006768218284159744,0.006791174435053504
2025-02-11,597.3161491475298,600.5973955759445,597.197196325744,600.0521850585938,600.0521850585938,30056700,0.0007604158018210683,0.0007607049912141672
2025-02-12,593.9951801914737,599.2986842760012,593.3111713193676,598.1190185546875,598.1190185546875,45076100,-0.003226864701013632,-0.003221663968638766
2025-02-13,599.2293186121958,604.6419134904336,597.9604684697639,604.4337158203125,604.4337158203125,40921300,0.01050225096358659,0.010557593170810842
2025-02-14,604.6418973129976,605.6827646257742,603.7794592105552,604.4039916992188,604.4039916992188,26910400,-4.917801771853192e-05,-4.917680849980677e-05
2025-02-18,605.5737189248886,606.1784057617188,603.0954346706795,606.1784057617188,606.1784057617188,26749000,0.00293150691263655,0.0029358079808696758
2025-02-19,604.7806761664997,607.9032780036847,604.2651736833511,607.6058959960938,607.6058959960938,31011100,0.0023521327313975604,0.0023549011657404417
2025-02-20,606.2279612401959,606.3667596800622,601.7472644379752,605.0780639648438,605.0780639648438,36554000,-0.004168993366714169,-0.004160315177827445
2025-02-21,604.8599570126433,604.9987554556133,594.2628108513653,594.728759765625,594.728759765625,76519800,-0.01725204538682501,-0.017104080969988833
2025-02-24,596.7906772884849,597.7919137798638,591.3086836297409,592.0224609375,592.0224609375,50737200,-0.00456086072995987,-0.004550475798734688
2025-02-25,591.9630038380435,592.6965662998072,584.4389061860617,589.0782470703125,589.0782470703125,58266500,-0.004985552790896186,-0.0049731455501286215
2025-02-26,590.7536120583931,594.3719315476118,586.718957724097,589.3756713867188,589.3756713867188,43321600,0.0005047703912106627,0.0005048978092221379
2025-02-27,591.665568384651,592.8254489982988,579.571589429075,579.9680786132812,579.9680786132812,74196700,-0.016090727385163817,-0.01596196319285248
2025-02-28,580.4736791128596,589.5540864732496,577.3807850421597,589.018798828125,589.018798828125,88744100,0.015485034506379058,0.015605548906216127
2025-03-03,591.0013951605243,592.1513529367862,574.8628395664972,578.69921875,578.69921875,74249200,-0.017675241088364935,-0.017519950294720976
2025-03-04,574.6745236933907,580.3051786101872,567.2793012349447,571.8492431640625,571.8492431640625,109648200,-0.011907462830711424,-0.01183684954808395
2025-03-05,571.6806979232716,579.7995595159383,568.1020700009266,577.995361328125,577.995361328125,71230500,0.010690447516776835,0.010747794523703114
2025-03-06,570.4812496614657,575.1305138313668,565.1678221830052,567.7353515625,567.7353515625,80094900,-0.017910463462140314,-0.017751024406232996
2025-03-07,565.9410048616534,572.374620972555,560.7167623995564,570.9173583984375,570.9173583984375,81158800,0.005589088036002998,0.005604736127810428
2025-03-10,562.6598126082816,564.5928260670291,550.7640472991095,555.710693359375,555.710693359375,99326600,-0.02699664468575591,-0.026635492537345318
2025-03-11,554.5409384975098,559.1208032031337,547.2250381485285,551.0911254882812,551.0911254882812,88102100,-0.008347645654197322,-0.008312900806654588
2025-03-12,557.2868875538214,558.2187249887419,548.8805655060252,554.0155639648438,554.0155639648438,69588200,0.005292602661800316,0.005306633225079294
2025-03-13,553.6387831652644,554.2533928238977,544.9053118169562,546.6301879882812,546.6301879882812,74079400,-0.013420279518109979,-0.013330629059784216
2025-03-14,551.2794507149214,558.9324239905063,546.6995862320014,557.9212646484375,557.9212646484375,62660300,0.02044534901089179,0.020655786870662718
2025-03-17,557.9014587611023,564.7613936613525,557.4652782790344,562.2236328125,562.2236328125,49008700,0.0076818442523851616,0.0077114253151358
2025-03-18,559.8939850390469,560.1121055231899,554.203853884888,556.1468505859375,556.1468505859375,66041400,-0.010867314761204838,-0.010808478818586265
2025-03-19,557.9411591768904,565.9906223374012,556.7515705240334,562.2037963867188,562.2037963867188,66556000,0.010832032047054518,0.010890910906714346
2025-03-20,558.4367918514132,565.6138937221895,557.7130916703615,560.5780029296875,560.5780029296875,62958200,-0.002896011663707121,-0.0028918222670857308
2025-03-21,556.0897976294804,561.6677826377718,554.8469278493619,560.762939453125,560.762939453125,83763000,0.0003298488766869667,0.0003299032828099069
2025-03-24,567.5440394813636,571.86926269199,566.9474862667257,570.8053588867188,570.8053588867188,58766800,0.0177500255415719,0.01790849345962031
2025-03-25,572.0183689196199,573.1220227068575,570.4175672260229,572.177490234375,572.177490234375,38355700,0.002400966922408543,0.002403851551660896
2025-03-26,571.9090077398645,573.0425195248911,563.9546412826954,565.3466796875,565.3466796875,51848300,-0.012010105517123115,-0.011938272063231614
2025-03-27,563.944681183511,567.6434930945948,561.717468314772,563.8452758789062,563.8452758789062,42164200,-0.0026592550291821837,-0.0026557223426582066
2025-03-28,562.304173568215,563.0399428035041,551.903816900767,552.4904174804688,552.4904174804688,71662700,-0.020343790998942346,-0.020138252254996436
2025-03-31,546.6936920279248,557.5116354900671,543.750554530121,556.1991577148438,556.1991577148438,95328200,0.0066903381273437645,0.006712768433682514
2025-04-01,554.270200650382,559.7288748312798,550.5216860996894,557.7700805664062,557.7700805664062,54609600,0.002820408030903998,0.002824389123523119
2025-04-02,551.883913264606,564.1833483830226,551.645291964534,561.2999267578125,561.2999267578125,76014500,0.006308555988446152,0.006328496838377884
2025-04-03,542.0005504953318,544.844221821506,533.6385498046875,533.6385498046875,533.6385498046875,125986000,-0.050536654708144724,-0.049280920296752906
2025-04-04,520.6828811973194,522.8703441644736,502.17905033414394,502.3977966308594,502.3977966308594,217965100,-0.06032650729590738,-0.05854290921310368
2025-04-07,486.3995737800916,520.1857262659767,479.0517131179981,501.5029296875,501.5029296875,256611400,-0.0017827802230101497,-0.0017811920142971616
2025-04-08,518.8832132196871,521.9854113898446,486.36975741253633,493.64801025390625,493.64801025390625,165816600,-0.015786715866889622,-0.015662758816759825
2025-04-09,490.62536123459006,545.4906005859375,490.23757127668296,545.4906005859375,545.4906005859375,241867300,0.09986284093397213,0.10501934425982218
2025-04-10,529.1343786533849,530.4568090591443,506.41474390850067,521.5877075195312,521.5877075195312,162331200,-0.044808130838784876,-0.043819074133873315
2025-04-11,520.0266416001656,533.3700738725757,517.1034096020134,530.894287109375,530.894287109375,97866300,0.017685475303136577,0.017842789344293175
2025-04-14,540.9466097072813,541.1753390049968,530.8147332303623,536.0447387695312,536.0447387695312,68034000,0.009654706675345182,0.009701463709846259
2025-04-15,536.5915818220184,540.1312723398183,533.7479104814203,534.5433349609375,534.5433349609375,56892900,-0.002804822563847509,-0.0028008927240665837
2025-04-16,528.6471791077158,534.8217778198467,517.3221354783915,522.6614990234375,522.6614990234375,83484800,-0.02247877775644902,-0.022228012511592343
2025-04-17,524.6302516664327,528.1400842911512,520.9214870568637,523.4072265625,523.4072265625,79868100,0.0014257718391741392,0.001426788735072071
2025-04-21,518.1871723342323,518.7241309058172,505.55963388256157,510.94873046875,510.94873046875,69368100,-0.024090543553596966,-0.023802682617838022
2025-04-22,517.1730636694438,526.2807870532888,516.2284704641588,524.2424926757812,524.2424926757812,75948100,0.025685096150560582,0.026017800640849797
2025-04-23,537.3472764364299,542.3187554782935,530.8346510289886,532.3658447265625,532.3658447265625,90590700,0.015376581499883635,0.015495409403611937
2025-04-24,533.6584331737259,544.3073634486632,532.3957187263146,543.5715942382812,543.5715942382812,64150400,0.02083049495830558,0.021048964021112893
2025-04-25,543.5318537188763,547.9067190711562,540.5887161390857,547.4990844726562,547.4990844726562,61119600,0.007199363478008536,0.0072253411988509875
2025-04-28,548.2447832861145,550.3924355414467,541.9111238077456,547.7078247070312,547.7078247070312,47613800,0.00038118867796210765,0.0003812613395985931
2025-04-29,545.7789065390313,552.2816402164788,545.4209745990806,551.1580810546875,551.1580810546875,47775100,0.00627968830011838,0.006299446880281057
2025-04-30,544.4466177046888,553.3455782199762,538.4311395978207,551.3768310546875,551.3768310546875,93101500,0.0003968128364331136,0.0003968915770615755
2025-05-01,557.1735491438936,560.8524558505887,554.6778569018302,555.2843627929688,555.2843627929688,63186100,0.007061868617131317,0.007086862410970118
2025-05-02,561.5086499974077,565.1378539569648,559.1720791327064,563.527099609375,563.527099609375,60717300,0.014735075985804258,0.014844172407353584
2025-05-05,559.3609528534779,563.4176964006293,558.4959204283713,560.2955932617188,560.2955932617188,38659200,-0.00575093433246554,-0.0057344293644374655
2025-05-06,554.747455291201,560.1365216016732,553.7830174830004,555.6124877929688,555.6124877929688,48264700,-0.008393402721332599,-0.008358276461693515
2025-05-07,556.9548009077818,560.6038493983164,552.8681991631311,557.9490966796875,557.9490966796875,55588000,0.004196646774873969,0.0042054650283336326
2025-05-08,562.0157579568283,567.0568450320475,558.4959726115572,561.8367919921875,561.8367919921875,65130800,0.006943668378214696,0.006967831538101654
2025-05-09,563.2486575047216,564.2628586264095,559.5499063100929,561.1209106445312,561.1209106445312,37603400,-0.001274992714246359,-0.001274180256365609
2025-05-12,578.1532016097033,579.6745034500635,573.7484781026347,579.66455078125,579.66455078125,78993600,0.03251316620771494,0.03304749437232446
2025-05-13,580.0821265092247,585.7198277838014,579.5154312681863,583.4926147460938,583.4926147460938,67947200,0.006582219324074323,0.006603929737784453
2025-05-14,584.4570582487896,585.6203674349406,582.1999871834588,584.2383422851562,584.2383422851562,66283500,0.001277225093584633,0.0012780410929227326
2025-05-15,582.2198452585625,587.5989588253952,581.7624473439984,587.0919189453125,587.0919189453125,71268100,0.004872378696166635,0.00488426803519082
2025-05-16,587.8773622746659,591.108823462645,585.9186287766337,590.810546875,590.810546875,76052100,0.006314003734071427,0.00633397907497657
2025-05-19,584.7453513153635,592.1429146923263,584.7453513153635,591.4568481445312,591.4568481445312,68168500,0.001093325142237589,0.001093923040050182
2025-05-20,589.7069436963179,590.661428858583,586.2368002538279,589.46826171875,589.46826171875,60614500,-0.003367848289081543,-0.0033621834492569835
2025-05-21,585.0834662873492,589.1998657689248,578.5012324590923,579.5352783203125,579.5352783203125,95197700,-0.016994341107078093,-0.016850751844510237
2025-05-22,579.3363764431303,583.2738097421649,578.0935066667054,579.7639770507812,579.7639770507812,70860400,0.00039454650277104264,0.00039462434647918876
2025-05-23,572.6944898379297,578.4912514897796,572.3166525694867,575.806640625,575.806640625,76029000,-0.006849173621263027,-0.006825771490515775
2025-05-27,582.7269752337963,587.9370757702034,575.1305403861026,587.7780151367188,587.7780151367188,72588500,0.020577440361441823,0.020790615576653737
2025-05-28,588.1856726822466,589.3887925532393,583.6417331947018,584.3775024414062,584.3775024414062,68445500,-0.005802169053873207,-0.005785368979003946
2025-05-29,589.6771054111595,589.8163213976459,582.7269869994868,586.6842651367188,586.6842651367188,69973300,0.003939614019852655,0.003947384500045503
2025-05-30,585.5706782096897,587.7581413312192,579.9131321005323,586.028076171875,586.028076171875,90601200,-0.0011190963209175564,-0.0011184703661530904
2025-06-02,584.4073250806647,589.4086015340318,581.7227142099362,589.3291015625,589.3291015625,61630500,0.0056170739116891966,0.005632879250749179
2025-06-03,588.961210027987,593.6741624833163,588.4739541013344,592.6898193359375,592.6898193359375,63606200,0.0056864179918711955,0.005702616355661272
2025-06-04,593.5548545078736,594.5391976596761,592.0932080953481,592.5307006835938,592.5307006835938,57314200,-0.0002685047223058845,-0.00026846867813934416
2025-06-05,594.2210060312028,595.5831864273371,587.6785226503756,589.6671142578125,589.6671142578125,92278700,-0.0048445226173514655,-0.004832806844400794
2025-06-06,595.2451088486548,597.4027744725131,593.455388510206,595.722412109375,595.722412109375,66588700,0.010216642525801234,0.010269010608102258
2025-06-09,596.2990883662742,597.8203901729,595.0761238694207,596.2593383789062,596.2593383789062,53016400,0.0009008968562245201,0.0009013027856885625
2025-06-10,596.7961606362574,600.027621795065,595.6726622807697,599.639892578125,599.639892578125,66247000,0.005653592068832758,0.005669603780814159
2025-06-11,600.7436228335788,601.608655383662,595.851704156038,597.9297485351562,597.9297485351562,73658200,-0.0028560263164871813,-0.00285195175326991
2025-06-12,596.5874347137615,600.3060913085938,596.1002394800107,600.3060913085938,600.3060913085938,64129000,0.003966407630086266,0.003974284235328973
2025-06-13,595.0860482220673,598.4169149439988,592.083255426069,593.5946044921875,593.5946044921875,89506000,-0.011243074969230271,-0.011180107804297013
2025-06-16,596.9752246255282,601.0021104918266,596.7961979763596,599.2421875,599.2421875,79984100,0.009469233755242001,0.009514208796833623
2025-06-17,596.786348727835,598.3175425273638,593.3560158231398,594.1216430664062,594.1216430664062,82209400,-0.008581751395890791,-0.008545033277707503
2025-06-18,595.0264003245132,597.7905111811382,593.0676059775907,594.0321044921875,594.0321044921875,76605000,-0.0001507188351208555,-0.00015070747760781433
2025-06-20,596.7256028572928,597.8026339141032,591.2208450851572,592.636962890625,592.636962890625,94051400,-0.002351358576216711,-0.002348596298099359
2025-06-23,593.3948045851308,598.8795981212522,590.2535502615591,598.49072265625,598.49072265625,87426000,0.009829016593287498,0.009877480029380825
2025-06-24,602.65917852593,606.1694051168853,601.7416782982235,605.1024169921875,605.1024169921875,67735300,0.010986704102657896,0.011047279574515567
2025-06-25,606.2292612300843,606.9273380866383,603.8658185288903,605.4414672851562,605.4414672851562,62114800,0.0005601619342154862,0.0005603188542100401
2025-06-26,607.306302256393,610.617130683572,606.6880212532993,610.1783447265625,610.1783447265625,78548400,0.00779339291754777,0.007823840449262098
2025-06-27,611.1855439983277,614.6858494593505,609.1412239120898,613.2098999023438,613.2098999023438,86258400,0.004956008681924473,0.004968310006379761
2025-06-30,615.6731133088892,617.5079921128906,613.3395560055452,616.1417846679688,616.1417846679688,92502500,0.004769815441854064,0.004781209119572027
2025-07-01,614.6559103723325,617.1191131155733,613.8182668389494,615.9423828125,615.9423828125,70030100,-0.0003236822004097917,-0.0003236298209773336
2025-07-02,615.53347209637,618.7744866384667,614.9052090235124,618.734619140625,618.734619140625,66510400,0.004523030855777321,0.004533275199175568
2025-07-03,620.7290596612153,624.5484875028751,620.7090954800537,623.611083984375,623.611083984375,51065800,0.00785045559545594,0.007881351217300603
2025-07-07,621.6365725170731,622.3047639816969,616.1617605422166,618.9639892578125,618.9639892578125,74814500,-0.007479815896489939,-0.007451911689688506
2025-07-08,619.6320954349991,620.3900039601925,617.8071987595777,618.6249389648438,618.6249389648438,59024600,-0.0005479207089198468,-0.0005477706277796646
2025-07-09,621.0481832340878,622.9927431754923,619.1932795088373,622.3345947265625,622.3345947265625,66113300,0.005978707139298045,0.005996615280215112
2025-07-10,622.4742664500196,625.1368675729468,621.2875540464601,624.0897827148438,624.0897827148438,57529000,0.0028163588264300543,0.0028203284907413195
2025-07-11,621.0182411395347,623.1323749024951,619.8116254973129,621.8958129882812,621.8958129882812,63670200,-0.00352166510049301,-0.003515471310904239
2025-07-14,621.437057113524,623.4315275028133,620.0808318567448,623.08251953125,623.08251953125,51898500,0.0019063896477193865,0.0019082079637526839
2025-07-15,625.7850521197855,626.1240780025647,620.340126016414,620.419921875,620.419921875,74317300,-0.004282422996106483,-0.004273266498076467
2025-07-16,622.0154871960257,623.0027403264891,616.3412163521633,622.494140625,622.494140625,88987500,0.0033376735176764427,0.00334324975208955
2025-07-17,622.6736989062512,626.6626398066976,622.4542755061946,626.3035888671875,626.3035888671875,68885700,0.006101004139529742,0.006119653171936301
2025-07-18,627.5601250668279,627.7296380152247,624.7280110672211,625.8449096679688,625.8449096679688,65621600,-0.0007326275122663262,-0.0007323592062571382
2025-07-21,627.0316162109375,629.7939164140192,626.6028123652087,627.0316162109375,627.0316162109375,63375000,0.0018943716692678692,0.0018961671248525214
2025-07-22,627.3606646093982,627.9889276793821,624.4587368446605,627.121337890625,627.121337890625,60046300,0.00014307932624468833,0.00014308956258002326
2025-07-23,629.8039240942028,632.4566040039062,627.9889485945137,632.4566040039062,632.4566040039062,70511000,0.008471564710641921,0.008507549960310445
2025-07-24,632.8454496264281,634.3912129187636,632.2371507469353,632.6659545898438,632.6659545898438,71307100,0.00033095700717122867,0.000331011779483692
2025-07-25,633.3341702599237,635.8172763273444,633.0848614440556,635.3385620117188,635.3385620117188,56865400,0.004215460346697952,0.0042243578976959295
2025-07-28,635.7175012309004,636.2759505305676,633.782862430909,635.1790161132812,635.1790161132812,54917100,-0.0002511510301363984,-0.000251119494356411
2025-07-29,636.5850848856694,636.9042074633194,632.5862227401361,633.503662109375,633.503662109375,60556300,-0.0026410937999177264,-0.002637609180098366
2025-07-30,634.1617960302962,635.9169397338984,629.7939009526881,632.7058715820312,632.7058715820312,80418900,-0.0012601241922203243,-0.0012593305691198653
2025-07-31,637.6920593309911,638.0809348105399,629.0260827850975,630.3324584960938,630.3324584960938,103385200,-0.003758264215790952,-0.0037512107798256533
2025-08-01,624.5683918435021,624.6083202058907,617.5777633723885,620.0010375976562,620.0010375976562,140103600,-0.01652624051083862,-0.016390431365516545
2025-08-04,623.9401331350132,629.4747763447384,623.8504160518278,629.4249267578125,629.4249267578125,73218000,0.015085436264082652,0.015199795788522152
2025-08-05,630.0432104487703,630.8609506236863,625.3063432085271,626.2337646484375,626.2337646484375,68051400,-0.005082860496476549,-0.005069964619629497
2025-08-06,627.310788901774,631.6886660273483,626.3933495625395,631.030517578125,631.030517578125,64357500,0.0076304978539818435,0.0076596842911853535
2025-08-07,634.4809118212801,635.2188561282265,627.3706199993678,630.501953125,630.501953125,74205800,-0.0008379720638664878,-0.0008376210633260772
2025-08-08,632.3069659204185,635.8870671683993,631.9878433436463,635.4183349609375,635.4183349609375,64051600,0.007767324056395353,0.007797567971946862
2025-08-11,635.6975853928571,637.1834561323586,632.9052780831173,634.1618041992188,634.1618041992188,58742300,-0.0019794436495015333,-0.001977485842922677
2025-08-12,636.5252873774225,641.0726778368414,635.0294344517399,640.9131469726562,640.9131469726562,64730800,0.010589818050777744,0.010646088630271056
2025-08-13,643.1269589799253,644.4034493171588,640.9031438473124,643.1070556640625,643.1070556640625,60092800,0.003417252815601124,0.0034230982805847354
2025-08-14,641.0128079474052,643.8350006749072,640.5641007895744,643.1668701171875,643.1668701171875,59327500,9.30042224585037e-05,9.300854748550691e-05
2025-08-15,644.2040095711507,644.3037696191185,640.7436323612244,641.6610717773438,641.6610717773438,68592500,-0.0023439699280709547,-0.0023412249756729064
2025-08-18,641.0826373957427,642.2195001872421,640.40452473057,641.5214233398438,641.5214233398438,43804900,-0.00021765951231778047,-0.00021763582620526467
2025-08-19,641.341922870885,642.3291760201543,636.714736747966,638.0410766601562,638.0410766601562,69750700,-0.005439914443276628,-0.005425144902516887
2025-08-20,637.6322365737963,637.89146660832,631.2000571048222,636.3457641601562,636.3457641601562,88890300,-0.002660594798622462,-0.0026570585531485724
2025-08-21,634.5208697964243,636.2061389257788,632.057667095043,633.7928466796875,633.7928466796875,54805800,-0.004019909160368762,-0.004011840141401879
2025-08-22,635.9967649167205,644.7125912923959,635.4881651988852,643.52587890625,643.52587890625,84083200,0.015240081294933816,0.015356803532182273
2025-08-25,642.2593311060981,643.505875096025,640.5740011970607,640.6936645507812,640.6936645507812,51274300,-0.004410801816037591,-0.004401088516101992
2025-08-26,640.4245042856638,643.7253506035642,639.7962411945653,643.3762817382812,643.3762817382812,51581600,0.0041783099091663445,0.004187051216404392
2025-08-27,642.7879219740594,645.580168455503,642.6383123424215,644.8422241210938,644.8422241210938,48341100,0.002275922925996987,0.002278514804511911
2025-08-28,645.4505066457858,647.6843037743214,643.5557962693775,647.1258544921875,647.1258544921875,61519500,0.0035351225577837653,0.0035413784731703757
2025-08-29,645.6798938838932,646.04892693251,641.361908969664,643.2666015625,643.2666015625,74522200,-0.0059815359554891145,-0.005963682184690233
2025-09-02,635.7374558444352,638.7191794281234,633.1645719217177,638.4998168945312,638.4998168945312,81983500,-0.007437871011363839,-0.00741027850099818
2025-09-03,640.8931560649971,642.4289372924937,638.6893051342267,641.960205078125,641.960205078125,70820900,0.0054049272110097135,0.0054195601815894
2025-09-04,642.6382997027142,647.3552636551144,641.7308424389964,647.3253173828125,647.3253173828125,65219200,0.008322661163590261,0.008357390788786612
2025-09-05,649.6787679935875,650.4067910780432,641.551337641252,645.4505004882812,645.4505004882812,85178900,-0.002900453710472206,-0.0028962514584031096
2025-09-08,646.826691508285,648.0433501046099,645.4405199703039,647.0361328125,647.0361328125,63133100,0.0024536162755648405,0.002456628855379561
2025-09-09,647.1756962960839,649.0604854255209,645.4305347021028,648.531982421875,648.531982421875,66133900,0.0023091804382655567,0.002311848648811843
2025-09-10,651.8128741836446,652.7402956265305,648.8311506393708,650.4067993164062,650.4067993164062,78034500,0.00288669215638393,0.00289086266421279
2025-09-11,652.3713547945198,656.5099054682547,651.7830200765693,655.8118286132812,655.8118286132812,69934400,0.008275888937158804,0.00831022877152554
2025-09-12,655.7818843611192,657.2877193463212,655.0838683704039,655.5924072265625,655.5924072265625,72780100,-0.0003346357786098153,-0.0003345797943027362
2025-09-15,657.8162552961535,659.2123480846643,657.5170969033588,659.0827026367188,659.0827026367188,63772400,0.005309758409937082,0.005323880160421179
2025-09-16,659.6411384615709,659.9503398052897,657.3874380375795,658.1752319335938,658.1752319335938,61169000,-0.0013778180003622964,-0.0013768692449287467
2025-09-17,658.1852662695255,659.8904996422112,652.4910309141978,657.3575439453125,657.3575439453125,101952200,-0.0012431284245844054,-0.0012423560605266948
2025-09-18,660.0600439458431,663.0517496492283,658.4445277353276,660.4290161132812,660.4290161132812,90459200,0.004661570884159971,0.004672452908252023
2025-09-19,662.3300170898438,664.5499877929688,660.3699951171875,663.7000122070312,663.7000122070312,97945600,0.004940610284100089,0.004952835223685836
2025-09-22,662.2000122070312,667.2899780273438,662.1699829101562,666.8400268554688,666.8400268554688,69452200,0.0047199188082895915,0.004731075170536503
2025-09-23,666.719970703125,667.3400268554688,661.97998046875,663.2100219726562,663.2100219726562,81708900,-0.005458462106667561,-0.005443591771073009
2025-09-24,664.510009765625,664.6099853515625,659.6699829101562,661.0999755859375,661.0999755859375,68082200,-0.0031866378358165193,-0.0031815658943793457
2025-09-25,657.9400024414062,659.4099731445312,654.4099731445312,658.0499877929688,658.0499877929688,89622100,-0.004624179680054574,-0.004613504621998388
2025-09-26,659.510009765625,662.3699951171875,657.8800048828125,661.8200073242188,661.8200073242188,69179200,0.005712728978095605,0.0057290777314567
2025-09-29,664.3599853515625,665.280029296875,661.8599853515625,663.6799926757812,663.6799926757812,73499000,0.002806467857221051,0.0028104096748033935
2025-09-30,662.9299926757812,666.6500244140625,661.6099853515625,666.1799926757812,666.1799926757812,86288000,0.003759798734535913,0.003766875644270362
2025-10-01,663.1699829101562,669.3699951171875,663.0599975585938,668.4500122070312,668.4500122070312,72545400,0.003401724390952765,0.0034075168215907947
2025-10-02,670.4500122070312,670.5700073242188,666.780029296875,669.219970703125,669.219970703125,56896000,0.0011511936291652702,0.0011518565068935338
2025-10-03,669.989990234375,672.6799926757812,668.1599731445312,669.2100219726562,669.2100219726562,70494400,-1.4866269469671067e-05,-1.4866158967619114e-05
2025-10-06,671.6199951171875,672.510009765625,669.4600219726562,671.6099853515625,671.6099853515625,54623300,0.003579848046447509,0.003586263355458641
2025-10-07,672.5399780273438,672.989990234375,667.6699829101562,669.1199951171875,669.1199951171875,72020100,-0.0037143841540672184,-0.003707494362329311
2025-10-08,670.25,673.2100219726562,669.4199829101562,673.1099853515625,673.1099853515625,60702200,0.00594533283456844,0.005963041402874625
2025-10-09,673.530029296875,673.9400024414062,669.2100219726562,671.1599731445312,671.1599731445312,66501900,-0.002901223169488709,-0.0028970186885769467
2025-10-10,672.1300048828125,673.9500122070312,652.8400268554688,653.02001953125,653.02001953125,159422600,-0.0273997320200996,-0.027027764376787222
2025-10-13,660.6500244140625,665.1300048828125,659.77001953125,663.0399780273438,663.0399780273438,79560500,0.015227500463862675,0.015344029580113494
2025-10-14,657.1699829101562,665.8300170898438,653.1699829101562,662.22998046875,662.22998046875,88779600,-0.0012223889242513053,-0.0012216421112398734
